hotel_id,hotel_name,hotel_img
1,歌朗妮酒店,https://c25-frd-bucket.s3.ap-southeast-1.amazonaws.com/1633414510_0920d874e63c2784091100b0dc1843cb.jpg
1,歌朗妮酒店,https://c25-frd-bucket.s3.ap-southeast-1.amazonaws.com/248_1633414677_0fac53951e1209f8192439ae7c63d2a8.jpg
1,歌朗妮酒店,https://c25-frd-bucket.s3.ap-southeast-1.amazonaws.com/248_1633414684_a3861aa381483017f58c58c9e91fb793.jpg
1,歌朗妮酒店,https://c25-frd-bucket.s3.ap-southeast-1.amazonaws.com/248_1633414692_32576e926d5ca198c9979adda70c821e.jpg
1,歌朗妮酒店,https://c25-frd-bucket.s3.ap-southeast-1.amazonaws.com/248_1633414700_5294ebf023d363776752e5235cefad41.jpg
2,海麗賓館,https://c25-frd-bucket.s3.ap-southeast-1.amazonaws.com/1633418202_6b1a734ffdfde8bcb4db2a8ef781a7a6.jpg
2,海麗賓館,https://c25-frd-bucket.s3.ap-southeast-1.amazonaws.com/249_1633418217_1ad080a4b598421dfea30e50255badeb.jpg
2,海麗賓館,https://c25-frd-bucket.s3.ap-southeast-1.amazonaws.com/249_1633418226_a9ba09e5534c9377c6243d17b4defa47.jpg
2,海麗賓館,https://c25-frd-bucket.s3.ap-southeast-1.amazonaws.com/249_1633418246_ed6668ebe0fd3cbea147b6c6247000e1.jpg
3,泰好住,https://c25-frd-bucket.s3.ap-southeast-1.amazonaws.com/1633419251_60d041125dc1a3ad8ce762ecdbc8cb70.jpg
3,泰好住,https://c25-frd-bucket.s3.ap-southeast-1.amazonaws.com/250_1633419262_deae2a9b570fdd823d31fcf04fcf1b05.jpg
3,泰好住,https://c25-frd-bucket.s3.ap-southeast-1.amazonaws.com/250_1633419268_5862b49ac5ae637a2285b9d0b7447ccf.jpg
3,泰好住,https://c25-frd-bucket.s3.ap-southeast-1.amazonaws.com/250_1633419275_14e20eb59a316687f2d05e21e3a81e1f.jpg
3,泰好住,https://c25-frd-bucket.s3.ap-southeast-1.amazonaws.com/250_1633419281_c75e9b39f40c4cb868f40d4e44863ffe.jpg
3,泰好住,https://c25-frd-bucket.s3.ap-southeast-1.amazonaws.com/250_1633419288_f42b03b1bdb382d13676adfc7b2cdf4f.jpg
3,泰好住,https://c25-frd-bucket.s3.ap-southeast-1.amazonaws.com/250_1633419296_37860b5c157010f71740c0f534f870fb.jpg
3,泰好住,https://c25-frd-bucket.s3.ap-southeast-1.amazonaws.com/250_1633419306_a79db7275cbbaface6f581a04c31609a.jpg
3,泰好住,https://c25-frd-bucket.s3.ap-southeast-1.amazonaws.com/250_1633419317_c54d620fd31503f5fbb9863e239dec50.jpg
4,亞洲賓館,https://c25-frd-bucket.s3.ap-southeast-1.amazonaws.com/1633423002_e96c52b2d1fb673336eead5e6aae83d0.jpg
4,亞洲賓館,https://c25-frd-bucket.s3.ap-southeast-1.amazonaws.com/253_1633423011_6c3c1e71de2b89dc24737ea54c3a9429.jpg
4,亞洲賓館,https://c25-frd-bucket.s3.ap-southeast-1.amazonaws.com/253_1633423018_82f85d4d0321c2091464d8eaba2460d8.jpg
5,中港酒店,https://c25-frd-bucket.s3.ap-southeast-1.amazonaws.com/1634372539_7a7dc1cda8a5f2b4be2dcb815907d56e.jpg
5,中港酒店,https://c25-frd-bucket.s3.ap-southeast-1.amazonaws.com/301_1634372887_61cba13c02a7c4fb3a9cde6a82c845a8.jpg
5,中港酒店,https://c25-frd-bucket.s3.ap-southeast-1.amazonaws.com/301_1634373098_387795c86765346eca0c041bac00348b.jpg
6,雅悉酒店,https://c25-frd-bucket.s3.ap-southeast-1.amazonaws.com/1633493508_844ec1ed4b98739618df2af5413291e0.jpg
6,雅悉酒店,https://c25-frd-bucket.s3.ap-southeast-1.amazonaws.com/255_1633493531_4c8f1509a431149918dfcff5ce177740.jpg
6,雅悉酒店,https://c25-frd-bucket.s3.ap-southeast-1.amazonaws.com/255_1633493550_9eabd8b7f6ebf105648e5d70aef8d8dd.jpg
6,雅悉酒店,https://c25-frd-bucket.s3.ap-southeast-1.amazonaws.com/255_1633493561_59aeaf948b59636c2bdf574d71dd25e6.jpg
6,雅悉酒店,https://c25-frd-bucket.s3.ap-southeast-1.amazonaws.com/255_1633493571_875ebd44c063278009d21e4f0b5999c3.jpg
6,雅悉酒店,https://c25-frd-bucket.s3.ap-southeast-1.amazonaws.com/255_1633493578_af44b381d57907a350d423c336ffdc66.jpg
6,雅悉酒店,https://c25-frd-bucket.s3.ap-southeast-1.amazonaws.com/255_1633493586_b2424d41dace3c8f8a562bef8025ae66.jpg
6,雅悉酒店,https://c25-frd-bucket.s3.ap-southeast-1.amazonaws.com/255_1633493596_1529870138938eeafde7bbe77976890e.jpg
6,雅悉酒店,https://c25-frd-bucket.s3.ap-southeast-1.amazonaws.com/255_1633493605_efb1b1e3514b041a03433a9542b4b44c.jpg
7,維記 - 尖沙咀,https://c25-frd-bucket.s3.ap-southeast-1.amazonaws.com/1631849913_3a9be6c617565ff54c2fd8f6a3eee31a.jpg
7,維記 - 尖沙咀,https://c25-frd-bucket.s3.ap-southeast-1.amazonaws.com/232_1631849939_5b43883d9f07e8710244b2d312b13ca3.jpg
7,維記 - 尖沙咀,https://c25-frd-bucket.s3.ap-southeast-1.amazonaws.com/232_1631849987_a90b5777071265fbff6c361cf0b751aa.jpg
7,維記 - 尖沙咀,https://c25-frd-bucket.s3.ap-southeast-1.amazonaws.com/232_1631850038_df2917707a77bfb3b735c34687b49eda.jpg
7,維記 - 尖沙咀,https://c25-frd-bucket.s3.ap-southeast-1.amazonaws.com/232_1631850056_596309b9feba20cd47ab2ab4243ea658.jpg
7,維記 - 尖沙咀,https://c25-frd-bucket.s3.ap-southeast-1.amazonaws.com/232_1631850076_55816504ff16143afc7a34b92027ae51.jpg
7,維記 - 尖沙咀,https://c25-frd-bucket.s3.ap-southeast-1.amazonaws.com/232_1631850096_037d83572f8062c02a63b4bf56d72271.jpg
8,百佳酒店,https://c25-frd-bucket.s3.ap-southeast-1.amazonaws.com/1632734487_ef78392c7fa840992e6375255926aea7.jpg
8,百佳酒店,https://c25-frd-bucket.s3.ap-southeast-1.amazonaws.com/1632734487_34a149bccce4abf2fe834cb1fe707d01.jpg
8,百佳酒店,https://c25-frd-bucket.s3.ap-southeast-1.amazonaws.com/1632734487_90f0c4e67805f0c9a7ac71f2442c85eb.jpg
8,百佳酒店,https://c25-frd-bucket.s3.ap-southeast-1.amazonaws.com/1632734487_30977d181521b1660a8ad17127009d59.jpg
8,百佳酒店,https://c25-frd-bucket.s3.ap-southeast-1.amazonaws.com/1632731734_c6d181ed8093fda89bf47d19f9485db5.jpg
8,百佳酒店,https://c25-frd-bucket.s3.ap-southeast-1.amazonaws.com/1632731734_34a149bccce4abf2fe834cb1fe707d01.jpg
9,百佳酒店,https://c25-frd-bucket.s3.ap-southeast-1.amazonaws.com/1632731734_90f0c4e67805f0c9a7ac71f2442c85eb.jpg
9,百佳酒店,https://c25-frd-bucket.s3.ap-southeast-1.amazonaws.com/1632731734_30977d181521b1660a8ad17127009d59.jpg
9,百佳酒店,https://c25-frd-bucket.s3.ap-southeast-1.amazonaws.com/1632805616_5d81b7984e2f2b251e3b122f5ef712db.jpg
9,百佳酒店,https://c25-frd-bucket.s3.ap-southeast-1.amazonaws.com/236_1632805632_34a149bccce4abf2fe834cb1fe707d01.jpg
10,百佳酒店,https://c25-frd-bucket.s3.ap-southeast-1.amazonaws.com/236_1632805642_1944cf3f9b9750cc9ec5d76ab5de876e.jpg
10,百佳酒店,https://c25-frd-bucket.s3.ap-southeast-1.amazonaws.com/236_1632805652_4044f857c139af17d7d6cfd9d4c3035e.jpg
10,百佳酒店,https://c25-frd-bucket.s3.ap-southeast-1.amazonaws.com/236_1632805663_30977d181521b1660a8ad17127009d59.jpg
10,百佳酒店,https://c25-frd-bucket.s3.ap-southeast-1.amazonaws.com/236_1632805669_90f0c4e67805f0c9a7ac71f2442c85eb.jpg
11,豪景賓館,https://c25-frd-bucket.s3.ap-southeast-1.amazonaws.com/1633337323_6ee44b90fc4adbcf5a766996c818f7bb.jpg
11,豪景賓館,https://c25-frd-bucket.s3.ap-southeast-1.amazonaws.com/241_1633337335_85252a861b755f96a090a189f30b15c1.jpg
11,豪景賓館,https://c25-frd-bucket.s3.ap-southeast-1.amazonaws.com/241_1633337347_a34916a84022c7af49b4902f46cb8676.png
12,金源賓館,https://c25-frd-bucket.s3.ap-southeast-1.amazonaws.com/1633338054_6f517bb51dca14ff281fb764307086f9.jpg
12,金源賓館,https://c25-frd-bucket.s3.ap-southeast-1.amazonaws.com/242_1633338076_4af52202f77beb11ba59ce2056aa7878.jpg
12,金源賓館,https://c25-frd-bucket.s3.ap-southeast-1.amazonaws.com/242_1633338084_4af52202f77beb11ba59ce2056aa7878.jpg
13,怡達賓館,https://c25-frd-bucket.s3.ap-southeast-1.amazonaws.com/1633338863_668ee1a148a8ce63530e80a7a7a5c351.jpg
13,怡達賓館,https://c25-frd-bucket.s3.ap-southeast-1.amazonaws.com/243_1633338880_4349602ea41744038e26ae4c02c181e8.jpg
14,好運賓館,https://c25-frd-bucket.s3.ap-southeast-1.amazonaws.com/1633339793_105da15acf1686d0d9142e4995e126f1.jpg
14,好運賓館,https://c25-frd-bucket.s3.ap-southeast-1.amazonaws.com/244_1633339936_7e538d39eb66596463448965000ce185.jpg
14,好運賓館,https://c25-frd-bucket.s3.ap-southeast-1.amazonaws.com/244_1633339947_c1f5a4850dafe9fdfb3210a3ccb6da76.jpg
15,海洋賓館,https://c25-frd-bucket.s3.ap-southeast-1.amazonaws.com/1633340432_8107e0f070d1c3b5fbd6bd7044b98079.jpg
15,海洋賓館,https://c25-frd-bucket.s3.ap-southeast-1.amazonaws.com/245_1633340447_ba373924ba03a584ba27752f36c9c792.jpg
15,海洋賓館,https://c25-frd-bucket.s3.ap-southeast-1.amazonaws.com/245_1633340577_44c36a5fc0881f8b6502625c4c606d24.jpg
16,金屋酒店,https://c25-frd-bucket.s3.ap-southeast-1.amazonaws.com/1633411546_e1be7960917ad42389b37b7655b574ec.jpg
16,金屋酒店,https://c25-frd-bucket.s3.ap-southeast-1.amazonaws.com/246_1633412609_fef0ea0d631eef0816723bd037ff95d1.jpg
16,金屋酒店,https://c25-frd-bucket.s3.ap-southeast-1.amazonaws.com/246_1633412620_cfe368e013741c023d1b203214e9db17.jpg
16,金屋酒店,https://c25-frd-bucket.s3.ap-southeast-1.amazonaws.com/246_1633412628_3af47c996f79354b982a79a78ed92943.jpg
16,金屋酒店,https://c25-frd-bucket.s3.ap-southeast-1.amazonaws.com/246_1633412748_a50b5183b68d88320fe12c1a546c4399.jpg
17,禮尚酒店,https://c25-frd-bucket.s3.ap-southeast-1.amazonaws.com/1633413974_117d85b0b55b15d0b20cb2503d76ecbc.jpg
17,禮尚酒店,https://c25-frd-bucket.s3.ap-southeast-1.amazonaws.com/247_1633414038_11f6a118f85f75ac04475198a3791b9e.jpg
17,禮尚酒店,https://c25-frd-bucket.s3.ap-southeast-1.amazonaws.com/247_1633414046_6872c492bf9f4c1a26ecca3093beb011.jpg
17,禮尚酒店,https://c25-frd-bucket.s3.ap-southeast-1.amazonaws.com/247_1633414056_5fccf833561564a1eb16193c3990624c.jpg
17,禮尚酒店,https://c25-frd-bucket.s3.ap-southeast-1.amazonaws.com/247_1633413986_5888c27aab2b71c9377ce3294dfd42a4.jpg
17,禮尚酒店,https://c25-frd-bucket.s3.ap-southeast-1.amazonaws.com/247_1633413995_ec507d9471fc4ebaf1d755c88a1de51a.jpg
17,禮尚酒店,https://c25-frd-bucket.s3.ap-southeast-1.amazonaws.com/247_1633414006_4781644e6e27c49e5bbb5d5c65cb07e4.jpg
17,禮尚酒店,https://c25-frd-bucket.s3.ap-southeast-1.amazonaws.com/247_1633414012_fce3918b59425ef6256181cef59874df.jpg
17,禮尚酒店,https://c25-frd-bucket.s3.ap-southeast-1.amazonaws.com/247_1633414021_2515b079dad03eae2638c160fd546569.jpg
17,禮尚酒店,https://c25-frd-bucket.s3.ap-southeast-1.amazonaws.com/247_1633414028_8f507dce69bb7aab3dd8c9070910896c.jpg
18,明珠時鐘酒店,https://c25-frd-bucket.s3.ap-southeast-1.amazonaws.com/1632817672_4af52202f77beb11ba59ce2056aa7878.jpg
18,明珠時鐘酒店,https://c25-frd-bucket.s3.ap-southeast-1.amazonaws.com/218_1632817693_e3c00904d4e9711ab589f5eec6371098.jpg
19,環球時鐘酒店,https://c25-frd-bucket.s3.ap-southeast-1.amazonaws.com/1632816998_90f0c4e67805f0c9a7ac71f2442c85eb.jpg
19,環球時鐘酒店,https://c25-frd-bucket.s3.ap-southeast-1.amazonaws.com/219_1632816872_fdd864081777cec3220d8f14a917a902.png
20,銀都酒店,https://c25-frd-bucket.s3.ap-southeast-1.amazonaws.com/1632815536_b5639b56e5212ce232048220e869ec2f.jpg
20,銀都酒店,https://c25-frd-bucket.s3.ap-southeast-1.amazonaws.com/221_1632815939_aa2980dfe2719da2997d44e7ab0469b4.jpeg
20,銀都酒店,https://c25-frd-bucket.s3.ap-southeast-1.amazonaws.com/221_1666927993_deb115545219ef82f5fc31e3766d589f.jpg
21,康樂賓館,https://c25-frd-bucket.s3.ap-southeast-1.amazonaws.com/1632814814_600522273f877b9ff085ebe58a43a224.jpg
21,康樂賓館,https://c25-frd-bucket.s3.ap-southeast-1.amazonaws.com/222_1632814986_4d1bcfbc897c609a5518712dbfda8252.jpg
22,麗豪小築,https://c25-frd-bucket.s3.ap-southeast-1.amazonaws.com/1632813274_4a56829f5de773fb30d1fb9318ff6da7.jpg
22,麗豪小築,https://c25-frd-bucket.s3.ap-southeast-1.amazonaws.com/223_1632813286_c38d71d2c9761990385398c00b1cebb9.jpg
22,麗豪小築,https://c25-frd-bucket.s3.ap-southeast-1.amazonaws.com/223_1632813297_000b9f1d45d3b41635f762fdab8eb77d.jpg
23,維記 - 歌頓道,https://c25-frd-bucket.s3.ap-southeast-1.amazonaws.com/1631869258_e1c80488853d86ab9d6decfe30d8930f.jpg
23,維記 - 歌頓道,https://c25-frd-bucket.s3.ap-southeast-1.amazonaws.com/225_1631869276_3a9be6c617565ff54c2fd8f6a3eee31a.jpg
23,維記 - 歌頓道,https://c25-frd-bucket.s3.ap-southeast-1.amazonaws.com/225_1631869284_5b43883d9f07e8710244b2d312b13ca3.jpg
23,維記 - 歌頓道,https://c25-frd-bucket.s3.ap-southeast-1.amazonaws.com/225_1631869293_596309b9feba20cd47ab2ab4243ea658.jpg
23,維記 - 歌頓道,https://c25-frd-bucket.s3.ap-southeast-1.amazonaws.com/225_1631869302_037d83572f8062c02a63b4bf56d72271.jpg
23,維記 - 歌頓道,https://c25-frd-bucket.s3.ap-southeast-1.amazonaws.com/225_1631869310_55816504ff16143afc7a34b92027ae51.jpg
23,維記 - 歌頓道,https://c25-frd-bucket.s3.ap-southeast-1.amazonaws.com/225_1631869322_e2c6c19abb67e7b093eb7cf38c57b807.jpg
23,維記 - 歌頓道,https://c25-frd-bucket.s3.ap-southeast-1.amazonaws.com/225_1631869368_a90b5777071265fbff6c361cf0b751aa.jpg
24,維記 - 旺角,https://c25-frd-bucket.s3.ap-southeast-1.amazonaws.com/1631857383_6a4376afbe3b422054b89547acab3d5e.jpg
24,維記 - 旺角,https://c25-frd-bucket.s3.ap-southeast-1.amazonaws.com/226_1631857560_a90b5777071265fbff6c361cf0b751aa.jpg
24,維記 - 旺角,https://c25-frd-bucket.s3.ap-southeast-1.amazonaws.com/226_1631857497_596309b9feba20cd47ab2ab4243ea658.jpg
24,維記 - 旺角,https://c25-frd-bucket.s3.ap-southeast-1.amazonaws.com/226_1631857506_037d83572f8062c02a63b4bf56d72271.jpg
24,維記 - 旺角,https://c25-frd-bucket.s3.ap-southeast-1.amazonaws.com/226_1631857518_55816504ff16143afc7a34b92027ae51.jpg
24,維記 - 旺角,https://c25-frd-bucket.s3.ap-southeast-1.amazonaws.com/226_1631857529_4af52202f77beb11ba59ce2056aa7878.jpg
25,異國風酒店,https://c25-frd-bucket.s3.ap-southeast-1.amazonaws.com/1633413311_ec13f64851a75ad09c94d9e37e7a61f5.jpg
25,異國風酒店,https://c25-frd-bucket.s3.ap-southeast-1.amazonaws.com/228_1631854198_3b50391eefdfc870e02e67aa481b8f8f.jpg
25,異國風酒店,https://c25-frd-bucket.s3.ap-southeast-1.amazonaws.com/228_1631854208_f822241ec9ed9bf30833217371f14e4f.jpg
25,異國風酒店,https://c25-frd-bucket.s3.ap-southeast-1.amazonaws.com/228_1631854224_07e248151c603533fe62a5c59e2956e1.jpg
25,異國風酒店,https://c25-frd-bucket.s3.ap-southeast-1.amazonaws.com/228_1631854240_0f361a4a71d3321603242f98672ad62f.jpg
25,異國風酒店,https://c25-frd-bucket.s3.ap-southeast-1.amazonaws.com/228_1631854248_e3eeeef060fc88b63b93664164615a75.jpg
25,異國風酒店,https://c25-frd-bucket.s3.ap-southeast-1.amazonaws.com/228_1631854259_7ca33e6fbd56121b53554d91bd137b5e.jpg
25,異國風酒店,https://c25-frd-bucket.s3.ap-southeast-1.amazonaws.com/228_1631854842_73588ceaf9a8871f655ff1229b19c200.jpg
26,維記 - 天后,https://c25-frd-bucket.s3.ap-southeast-1.amazonaws.com/1631870577_b637b17af08aced8850c18cccde915da.jpg
26,維記 - 天后,https://c25-frd-bucket.s3.ap-southeast-1.amazonaws.com/233_1633527700_659a28a89fab172102d2e4617b99eca0.jpeg
26,維記 - 天后,https://c25-frd-bucket.s3.ap-southeast-1.amazonaws.com/233_1631870606_5b43883d9f07e8710244b2d312b13ca3.jpg
26,維記 - 天后,https://c25-frd-bucket.s3.ap-southeast-1.amazonaws.com/233_1631870616_596309b9feba20cd47ab2ab4243ea658.jpg
26,維記 - 天后,https://c25-frd-bucket.s3.ap-southeast-1.amazonaws.com/233_1631870626_037d83572f8062c02a63b4bf56d72271.jpg
26,維記 - 天后,https://c25-frd-bucket.s3.ap-southeast-1.amazonaws.com/233_1631870642_55816504ff16143afc7a34b92027ae51.jpg
26,維記 - 天后,https://c25-frd-bucket.s3.ap-southeast-1.amazonaws.com/233_1631870653_a90b5777071265fbff6c361cf0b751aa.jpg
26,維記 - 天后,https://c25-frd-bucket.s3.ap-southeast-1.amazonaws.com/233_1633527669_b41d356f194eed30daa3577efdafc91f.jpeg
27,桃源賓館,https://c25-frd-bucket.s3.ap-southeast-1.amazonaws.com/1632809009_d5a47ae2eb84ce194d94260c3aee497d.jpg
27,桃源賓館,https://c25-frd-bucket.s3.ap-southeast-1.amazonaws.com/234_1632809025_f2ee80b261f04cfc336a26d40151a3d9.jpg
28,金太陽賓館,https://c25-frd-bucket.s3.ap-southeast-1.amazonaws.com/1632984324_b04d36b8952e95a3a07b4ef59891a134.jpg
28,金太陽賓館,https://c25-frd-bucket.s3.ap-southeast-1.amazonaws.com/198_1632984344_e05c163eb3afd52485a32d2a639fbc29.jpg
29,翠華酒店,https://c25-frd-bucket.s3.ap-southeast-1.amazonaws.com/1632985402_31010ea88e84bbe1d62b3e2240acff6a.jpg
30,龍濤閣賓館,https://c25-frd-bucket.s3.ap-southeast-1.amazonaws.com/1633329552_565ac5aac137b2fd3d9433ffb5674464.jpg
31,新一代小築,https://c25-frd-bucket.s3.ap-southeast-1.amazonaws.com/1633332701_191c06b31f1846ab00a499f6e5235c4d.jpg
31,新一代小築,https://c25-frd-bucket.s3.ap-southeast-1.amazonaws.com/203_1633332715_6a992d5529f459a44fee58c733255e86.jpg
32,黃金酒店,https://c25-frd-bucket.s3.ap-southeast-1.amazonaws.com/1633334266_f14e6f1a355519ff566fab7bb1b557c4.jpg
32,黃金酒店,https://c25-frd-bucket.s3.ap-southeast-1.amazonaws.com/204_1633334278_096ad2e678410606d19e2e89ed5931f1.jpg
32,黃金酒店,https://c25-frd-bucket.s3.ap-southeast-1.amazonaws.com/204_1633334496_615a6e5f0a504d55ce9e4eb538918cc6.jpg
32,黃金酒店,https://c25-frd-bucket.s3.ap-southeast-1.amazonaws.com/204_1633334331_26dfdefeb2cfa635551f2ff3c45cc95e.jpg
32,黃金酒店,https://c25-frd-bucket.s3.ap-southeast-1.amazonaws.com/204_1633334338_9e9cd3f79cf1a7fb61c354a07ef8fe8b.jpg
33,好景賓館,https://c25-frd-bucket.s3.ap-southeast-1.amazonaws.com/1633335468_bc6de909351bc66ea38cfeb5019979fa.jpg
33,好景賓館,https://c25-frd-bucket.s3.ap-southeast-1.amazonaws.com/206_1633335483_8e5b8b4a2e3f61f38f6704f527210433.jpg
33,好景賓館,https://c25-frd-bucket.s3.ap-southeast-1.amazonaws.com/206_1633335489_c7e5d963f8fbd91853a5eb2c4fa6dc02.jpg
33,好景賓館,https://c25-frd-bucket.s3.ap-southeast-1.amazonaws.com/206_1633335498_59f2a49d7d8547cb52701a8ae3beee14.jpg
33,好景賓館,https://c25-frd-bucket.s3.ap-southeast-1.amazonaws.com/206_1633335506_fff53eb9e511d713619fe6990d899f83.jpg
33,好景賓館,https://c25-frd-bucket.s3.ap-southeast-1.amazonaws.com/206_1633335515_e65a04321d41ab4a898aede8c5ecfd13.jpg
33,好景賓館,https://c25-frd-bucket.s3.ap-southeast-1.amazonaws.com/206_1633335523_59b514174bffe4ae402b3d63aad79fe0.jpg
34,富麗小築,https://c25-frd-bucket.s3.ap-southeast-1.amazonaws.com/1632896514_94878be00574a1f9518078181c656539.jpg
34,富麗小築,https://c25-frd-bucket.s3.ap-southeast-1.amazonaws.com/208_1632896796_96a5d9cbcdbfc00902292fb68eb25239.png
34,富麗小築,https://c25-frd-bucket.s3.ap-southeast-1.amazonaws.com/208_1632896808_853faa074888f81b98ba9f5ec524d3c8.jpg
35,玫瑰園小築,https://c25-frd-bucket.s3.ap-southeast-1.amazonaws.com/1632887406_19853564376aacd9dc2810567aabcd07.png
36,荷李活酒店,https://c25-frd-bucket.s3.ap-southeast-1.amazonaws.com/1632885006_dbb7edd5f600426e1acf9ff1f4ca2cc7.jpg
36,荷李活酒店,https://c25-frd-bucket.s3.ap-southeast-1.amazonaws.com/214_1632884861_21923e621f7682388183f0f87c126660.jpg
36,荷李活酒店,https://c25-frd-bucket.s3.ap-southeast-1.amazonaws.com/214_1632884870_deb3ab7a8abc4312e606c86549f188d8.png
36,荷李活酒店,https://c25-frd-bucket.s3.ap-southeast-1.amazonaws.com/214_1632884883_2993116f8a99cf930526f2cfb92fd411.jpg
36,荷李活酒店,https://c25-frd-bucket.s3.ap-southeast-1.amazonaws.com/214_1632884987_06ffd06e3f8056be3f0cf7e0a1662967.jpg
36,荷李活酒店,https://c25-frd-bucket.s3.ap-southeast-1.amazonaws.com/214_1632885036_7c94ac662c9037cd84318a224e4103da.png
37,京都酒店,https://c25-frd-bucket.s3.ap-southeast-1.amazonaws.com/1632819416_11dd0f2646bccf1a1bab9ca3f21a56b9.jpg
37,京都酒店,https://c25-frd-bucket.s3.ap-southeast-1.amazonaws.com/216_1632819682_d4cf7fb496e2ba163c3029cff36de3c2.jpg
38,香港住宿2,https://c25-frd-bucket.s3.ap-southeast-1.amazonaws.com/1665261971_1a4e8196b0e16a63f6584ecf89a82219.jpeg
38,香港住宿2,https://c25-frd-bucket.s3.ap-southeast-1.amazonaws.com/1665261962_1d4823ff6d47d58771fc1aeb81a8faf8.jpeg
39,oneroom,https://c25-frd-bucket.s3.ap-southeast-1.amazonaws.com/1667967200_d67d30718f56d9e2f5dbab35f8ab24f9.jpg
39,oneroom,https://c25-frd-bucket.s3.ap-southeast-1.amazonaws.com/340_1667967209_e60c3e6a882bc61133b33eb7e54c1693.jpg
39,oneroom,https://c25-frd-bucket.s3.ap-southeast-1.amazonaws.com/340_1667967217_5c15043a7b7d5aae6543c71a9410c523.jpg
39,oneroom,https://c25-frd-bucket.s3.ap-southeast-1.amazonaws.com/340_1667967222_67a0e45024a3b198f4b5b5a3f97d6512.jpg
39,oneroom,https://c25-frd-bucket.s3.ap-southeast-1.amazonaws.com/340_1667967229_a5110fa0b5f6c0af3aa7ce4a11010dd1.jpg
39,oneroom,https://c25-frd-bucket.s3.ap-southeast-1.amazonaws.com/340_1667967237_79eedb7d22d2c8c2a488186c385462cb.jpg
39,oneroom,https://c25-frd-bucket.s3.ap-southeast-1.amazonaws.com/340_1667967245_183f022cc166e01ed81c5cb866193752.jpg
39,oneroom,https://c25-frd-bucket.s3.ap-southeast-1.amazonaws.com/340_1667967251_b717d1a86383e8d11b8913e8ae1e5d97.jpg
40,BoBInn 小熊酒店,https://c25-frd-bucket.s3.ap-southeast-1.amazonaws.com/1667983786_c0d3989a3bea95969f4ec4b1b4109aa5.jpg
40,BoBInn 小熊酒店,https://c25-frd-bucket.s3.ap-southeast-1.amazonaws.com/344_1667983793_4a4e71782e9a9c5b4995ec45dc29ea0a.jpg
40,BoBInn 小熊酒店,https://c25-frd-bucket.s3.ap-southeast-1.amazonaws.com/344_1667983798_cf0128b4c2d46a111743b0b9d7f9e085.jpg
40,BoBInn 小熊酒店,https://c25-frd-bucket.s3.ap-southeast-1.amazonaws.com/344_1667983804_5304c811f6a1c78c7acf18e634f3131d.jpg
40,BoBInn 小熊酒店,https://c25-frd-bucket.s3.ap-southeast-1.amazonaws.com/344_1667983813_1379d47cd1d2f7aecf5ce30c2dc62e98.jpg
40,BoBInn 小熊酒店,https://c25-frd-bucket.s3.ap-southeast-1.amazonaws.com/344_1667983818_cc2abcee5a0553525d4a21501c12cafc.jpg
40,BoBInn 小熊酒店,https://c25-frd-bucket.s3.ap-southeast-1.amazonaws.com/344_1667983824_d5b4f7d44df2c816c14192a8f9376cd4.jpg
40,BoBInn 小熊酒店,https://c25-frd-bucket.s3.ap-southeast-1.amazonaws.com/344_1667983829_c3cdc4ea56812a3538a0620241b2c1a7.jpg
41,香港怡家酒店,https://c25-frd-bucket.s3.ap-southeast-1.amazonaws.com/1680162263_0cf301ec2f14b95732685b92e61a0a07.jpg
41,香港怡家酒店,https://c25-frd-bucket.s3.ap-southeast-1.amazonaws.com/1680162264_d9ecbf46e1bbdb0a7f6a3efeb2abcae3.jpg
41,香港怡家酒店,https://c25-frd-bucket.s3.ap-southeast-1.amazonaws.com/1680162264_284cc0c4d4bd6d38d553ac02915b103c.jpg
41,香港怡家酒店,https://c25-frd-bucket.s3.ap-southeast-1.amazonaws.com/1680162265_6b1313ee8dd477caed35a90e768f3c8f.jpg
41,香港怡家酒店,https://c25-frd-bucket.s3.ap-southeast-1.amazonaws.com/1680162265_bbc98a933d2c0f2b4e8929d9a88f4522.jpg
41,香港怡家酒店,https://c25-frd-bucket.s3.ap-southeast-1.amazonaws.com/1680162266_a1aa88c417a69269bd8d53cd2dfd8c95.jpg
41,香港住宿3,https://c25-frd-bucket.s3.ap-southeast-1.amazonaws.com/1665261962_1d4823ff6d47d58771fc1aeb81a8faf8.jpeg
41,香港住宿4,https://c25-frd-bucket.s3.ap-southeast-1.amazonaws.com/1665261971_1a4e8196b0e16a63f6584ecf89a82219.jpeg
42,銀宮酒店,https://c25-frd-bucket.s3.ap-southeast-1.amazonaws.com/1634006955_a52439a9b444703967e27feaf4a376e6.jpeg
42,銀宮酒店,https://c25-frd-bucket.s3.ap-southeast-1.amazonaws.com/187_1632897356_d3fb5b3a60b2e0a764018a1c49217337.jpg
42,銀宮酒店,https://c25-frd-bucket.s3.ap-southeast-1.amazonaws.com/187_1632897364_b4494ffad7521e6e3ee103440cab9093.jpg
42,銀宮酒店,https://c25-frd-bucket.s3.ap-southeast-1.amazonaws.com/187_1633704271_643206f4258c259808d73a5f82cd34c5.jpeg
42,銀宮酒店,https://c25-frd-bucket.s3.ap-southeast-1.amazonaws.com/187_1634012218_853faa074888f81b98ba9f5ec524d3c8.jpg
42,銀宮酒店,https://c25-frd-bucket.s3.ap-southeast-1.amazonaws.com/187_1633704316_6a080821ad95a68cc78e23d32344c9d7.jpeg
43,新漢宮酒店,https://c25-frd-bucket.s3.ap-southeast-1.amazonaws.com/1632898967_0e41d820144938c3fa411173213bce77.jpg
43,新漢宮酒店,https://c25-frd-bucket.s3.ap-southeast-1.amazonaws.com/189_1632898981_1558659839ec082831ec84dd41b59c12.jpg
43,新漢宮酒店,https://c25-frd-bucket.s3.ap-southeast-1.amazonaws.com/189_1632898987_1283d06dae0a9ca00f54418aa27e8584.jpg
43,新漢宮酒店,https://c25-frd-bucket.s3.ap-southeast-1.amazonaws.com/189_1632898995_844f83d6e23c79afdc0ff5476e6668ed.jpg
44,新明苑賓館,https://c25-frd-bucket.s3.ap-southeast-1.amazonaws.com/1632971021_b04d36b8952e95a3a07b4ef59891a134.jpg
44,新明苑賓館,https://c25-frd-bucket.s3.ap-southeast-1.amazonaws.com/193_1632971032_c97db1051a77756e9ff5631a205eff39.jpg
44,新明苑賓館,https://c25-frd-bucket.s3.ap-southeast-1.amazonaws.com/193_1632971038_3c551f6c775ea2abd790413b018becb4.jpg
45,樂宮別墅,https://c25-frd-bucket.s3.ap-southeast-1.amazonaws.com/1632972596_eccbc87e4b5ce2fe28308fd9f2a7baf3.jpg
45,樂宮別墅,https://c25-frd-bucket.s3.ap-southeast-1.amazonaws.com/194_1632972621_f664dcf3945a7ad697c932429b7edf24.jpg
45,樂宮別墅,https://c25-frd-bucket.s3.ap-southeast-1.amazonaws.com/194_1632972692_b04d36b8952e95a3a07b4ef59891a134.jpg
46,新港酒店,https://c25-frd-bucket.s3.ap-southeast-1.amazonaws.com/1632979259_d8aeb6b1778abd04f1224a2fcb8303ec.jpg
46,新港酒店,https://c25-frd-bucket.s3.ap-southeast-1.amazonaws.com/195_1632979584_590a46c3c916109cf548fd06a27ebc55.jpg
46,新港酒店,https://c25-frd-bucket.s3.ap-southeast-1.amazonaws.com/195_1632979656_be8113d876b85b8bc8087a93603b71aa.jpg
46,新港酒店,https://c25-frd-bucket.s3.ap-southeast-1.amazonaws.com/195_1632979670_30d776e5d92858892bad3b1a9e0e6f5c.jpg
46,新港酒店,https://c25-frd-bucket.s3.ap-southeast-1.amazonaws.com/195_1632979695_5e1f3bbe4ac11b7e6f18a2d855192d33.jpg
46,新港酒店,https://c25-frd-bucket.s3.ap-southeast-1.amazonaws.com/195_1632979711_5e11ac34261a5377ff27da8eb1eed2d8.jpg
47,錦田賓館,https://c25-frd-bucket.s3.ap-southeast-1.amazonaws.com/1632980648_4af52202f77beb11ba59ce2056aa7878.jpg
47,錦田賓館,https://c25-frd-bucket.s3.ap-southeast-1.amazonaws.com/196_1681285364_28b26ac5ad26d26aaf83dd3de7d7bece.jpg
47,錦田賓館,https://c25-frd-bucket.s3.ap-southeast-1.amazonaws.com/196_1681285377_13264068d108c6901b3592ea654fcd57.jpg
47,錦田賓館,https://c25-frd-bucket.s3.ap-southeast-1.amazonaws.com/196_1681285396_b2bd717a77da570a5c596af6934cadc7.jpg
47,錦田賓館,https://c25-frd-bucket.s3.ap-southeast-1.amazonaws.com/196_1632980668_bc30cb807aa4a8b8db55d427cae1e6b1.jpg
47,錦田賓館,https://c25-frd-bucket.s3.ap-southeast-1.amazonaws.com/196_1632980679_67398aecfa7ca45c9da8065d19e34911.jpg
47,錦田賓館,https://c25-frd-bucket.s3.ap-southeast-1.amazonaws.com/196_1632980913_61ff984193f822309aaeb04d79000888.jpg
47,錦田賓館,https://c25-frd-bucket.s3.ap-southeast-1.amazonaws.com/196_1632980922_b7cf277b3cd50797487df3bf4522fd38.jpg
47,錦田賓館,https://c25-frd-bucket.s3.ap-southeast-1.amazonaws.com/196_1632980933_3e161d75a0f7bd68545926246c56c1a4.jpg
48,金葉別墅,https://c25-frd-bucket.s3.ap-southeast-1.amazonaws.com/1634972762_e4cd88b70547dcde3379941aadf0205d.jpeg
48,金葉別墅,https://c25-frd-bucket.s3.ap-southeast-1.amazonaws.com/316_1634972782_797a722d875c436dfc9efc1d4447aea4.jpeg
49,富麗別墅,https://c25-frd-bucket.s3.ap-southeast-1.amazonaws.com/1634973371_3069ae1d4ec78fd264e1bfebe38315c1.jpeg
49,富麗別墅,https://c25-frd-bucket.s3.ap-southeast-1.amazonaws.com/317_1634973547_07c6af8c5722f6f5f70aeaa9996c735c.jpg
50,華恩酒店,https://c25-frd-bucket.s3.ap-southeast-1.amazonaws.com/1634974919_addc134b0f64b4d561820238f69e525b.jpeg
50,華恩酒店,https://c25-frd-bucket.s3.ap-southeast-1.amazonaws.com/319_1634975031_fbadea3069fd4c70d14f8c9e920047ce.jpeg
50,華恩酒店,https://c25-frd-bucket.s3.ap-southeast-1.amazonaws.com/319_1634975051_8cd235794c2d29fb634c17576964df96.jpeg
50,華恩酒店,https://c25-frd-bucket.s3.ap-southeast-1.amazonaws.com/319_1634975059_57c09ed4e8c9f4cd99f8cc38e2a92977.jpeg
50,華恩酒店,https://c25-frd-bucket.s3.ap-southeast-1.amazonaws.com/319_1666883331_48a216244090ebb91a5f267b094ae302.jpeg
50,華恩酒店,https://c25-frd-bucket.s3.ap-southeast-1.amazonaws.com/319_1666883355_d9a594f8e59f3a9d1fecc9491743d8b1.jpeg
51,綠恩酒店,https://c25-frd-bucket.s3.ap-southeast-1.amazonaws.com/1634979757_a930d6007e4f20dd68496719be4c8b12.jpeg
51,綠恩酒店,https://c25-frd-bucket.s3.ap-southeast-1.amazonaws.com/320_1634979771_b61945fbe0c51616c8e072b643fbc6ff.jpeg
51,綠恩酒店,https://c25-frd-bucket.s3.ap-southeast-1.amazonaws.com/320_1634979912_2838023a778dfaecdc212708f721b788.jpg
52,華廈別墅,https://c25-frd-bucket.s3.ap-southeast-1.amazonaws.com/1634980334_94f51d6be5815e13a6fcda9ab789c925.jpg
52,華廈別墅,https://c25-frd-bucket.s3.ap-southeast-1.amazonaws.com/321_1634980348_2838023a778dfaecdc212708f721b788.jpg
52,華廈別墅,https://c25-frd-bucket.s3.ap-southeast-1.amazonaws.com/321_1634980370_edfabff49b3684fef25db642ae5a1bf8.jpg
53,金鳳凰賓館,https://c25-frd-bucket.s3.ap-southeast-1.amazonaws.com/1634983889_0a9a76b8cddc6d50de946fd1d2622ced.jpeg
53,金鳳凰賓館,https://c25-frd-bucket.s3.ap-southeast-1.amazonaws.com/323_1634983968_ec1fc7883e3f879b8de1e98b909d8d35.jpg
53,金鳳凰賓館,https://c25-frd-bucket.s3.ap-southeast-1.amazonaws.com/323_1634983992_9bc651b6b8ffbccfc030597141fce24f.jpg
54,御花園酒店,https://c25-frd-bucket.s3.ap-southeast-1.amazonaws.com/1635047397_461962f0b4bfc9d941ba0cee18d002f4.jpeg
54,御花園酒店,https://c25-frd-bucket.s3.ap-southeast-1.amazonaws.com/324_1635047413_a43683d33b40f413228d54e3c6ed4a2f.jpg
54,御花園酒店,https://c25-frd-bucket.s3.ap-southeast-1.amazonaws.com/324_1635047498_4af52202f77beb11ba59ce2056aa7878.jpg
55,明珠酒店,https://c25-frd-bucket.s3.ap-southeast-1.amazonaws.com/1635049905_680a1ee9a46a070686be8ad8c23a6c4b.jpeg
55,明珠酒店,https://c25-frd-bucket.s3.ap-southeast-1.amazonaws.com/325_1635049920_a43683d33b40f413228d54e3c6ed4a2f.jpg
55,明珠酒店,https://c25-frd-bucket.s3.ap-southeast-1.amazonaws.com/325_1635049939_461962f0b4bfc9d941ba0cee18d002f4.jpeg
55,明珠酒店,https://c25-frd-bucket.s3.ap-southeast-1.amazonaws.com/325_1635049958_4af52202f77beb11ba59ce2056aa7878.jpg
56,富恒旅館 (彌敦道),https://c25-frd-bucket.s3.ap-southeast-1.amazonaws.com/1649094260_e6d94cedc15db536bca51ecc12ebddfa.jpg
56,富恒旅館 (彌敦道),https://c25-frd-bucket.s3.ap-southeast-1.amazonaws.com/1649094260_6fa086f33331cc0447c482c12decc149.jpg
56,富恒旅館 (彌敦道),https://c25-frd-bucket.s3.ap-southeast-1.amazonaws.com/1649094260_5975505ed22997368407b6a9684b3143.jpg
56,富恒旅館 (彌敦道),https://c25-frd-bucket.s3.ap-southeast-1.amazonaws.com/1649094260_bc08019a1600a577e8580a7608aee4d6.jpg
56,富恒旅館 (彌敦道),https://c25-frd-bucket.s3.ap-southeast-1.amazonaws.com/1649094260_8e413598c794ba0b5091c21a6e2d94d0.jpg
56,富恒旅館 (彌敦道),https://c25-frd-bucket.s3.ap-southeast-1.amazonaws.com/1649094260_338dbaa5262637c4f0898f267def43eb.jpg
57,富恒旅館 (漢口道),https://c25-frd-bucket.s3.ap-southeast-1.amazonaws.com/1649094620_e68ae1b665933f6646fd189688e7a6c2.jpg
57,富恒旅館 (漢口道),https://c25-frd-bucket.s3.ap-southeast-1.amazonaws.com/1649094620_3efb2f9780a1b3f923d6502e8d3323de.jpg
57,富恒旅館 (漢口道),https://c25-frd-bucket.s3.ap-southeast-1.amazonaws.com/1649094620_a43eba5d7b49c9444fceed11e28190cb.jpg
57,富恒旅館 (漢口道),https://c25-frd-bucket.s3.ap-southeast-1.amazonaws.com/1649094620_4477348300b3072fcaf49a7e340b16d5.jpg
58,西湖酒店 / J HOTEL,https://c25-frd-bucket.s3.ap-southeast-1.amazonaws.com/1634371840_92ef5c205be82d0d4455252435c3e085.jpg
58,西湖酒店 / J HOTEL,https://c25-frd-bucket.s3.ap-southeast-1.amazonaws.com/300_1634371848_d54d0a7e7f1314043b97da62a00dcd6b.jpg
58,西湖酒店 / J HOTEL,https://c25-frd-bucket.s3.ap-southeast-1.amazonaws.com/300_1634371854_a48ea2d81fe62515b0a0cf5e8ba5ba62.jpg
58,西湖酒店 / J HOTEL,https://c25-frd-bucket.s3.ap-southeast-1.amazonaws.com/300_1634371858_b2ed266acd2408bbb4fd8f2c50fd2705.jpg
58,西湖酒店 / J HOTEL,https://c25-frd-bucket.s3.ap-southeast-1.amazonaws.com/300_1634371863_64e73811f6083ec0b0e75544bad4e22c.jpg
58,西湖酒店 / J HOTEL,https://c25-frd-bucket.s3.ap-southeast-1.amazonaws.com/300_1634371868_da18e6a4ffdd068cba18a3d8f97b1be2.jpg
58,西湖酒店 / J HOTEL,https://c25-frd-bucket.s3.ap-southeast-1.amazonaws.com/300_1634371873_acc6f16e53873683b97cc9fecfc1599a.jpg
58,西湖酒店 / J HOTEL,https://c25-frd-bucket.s3.ap-southeast-1.amazonaws.com/300_1634371878_ede1d3b514fd26497ddd3c176349cc71.jpg
58,西湖酒店 / J HOTEL,https://c25-frd-bucket.s3.ap-southeast-1.amazonaws.com/300_1634371883_862a7216a762719e01631b16005f7b3c.jpg
58,西湖酒店 / J HOTEL,https://c25-frd-bucket.s3.ap-southeast-1.amazonaws.com/300_1634371888_cd51e5436ecb4705302fb1e4b9a051d7.jpg
59,QQ Hotel,https://c25-frd-bucket.s3.ap-southeast-1.amazonaws.com/1634545107_38a8884071c3c3a792254d01b4efbca0.jpg
59,QQ Hotel,https://c25-frd-bucket.s3.ap-southeast-1.amazonaws.com/303_1634545421_d053cd052505528b782b118c6562b000.jpg
60,時尚（設時鐘）酒店,https://c25-frd-bucket.s3.ap-southeast-1.amazonaws.com/1634827783_fc03c1830b9bebce978a103587cafcb8.jpeg
60,時尚（設時鐘）酒店,https://c25-frd-bucket.s3.ap-southeast-1.amazonaws.com/304_1634827830_0ddceffe14236f44cc1b05fe5bb99670.jpg
60,時尚（設時鐘）酒店,https://c25-frd-bucket.s3.ap-southeast-1.amazonaws.com/304_1634827866_1d4eb2f102d6c6938b525b0d53e6dc69.jpg
60,時尚（設時鐘）酒店,https://c25-frd-bucket.s3.ap-southeast-1.amazonaws.com/304_1634827883_7ab6e9037db27ee243a98cca18bb0543.jpg
60,時尚（設時鐘）酒店,https://c25-frd-bucket.s3.ap-southeast-1.amazonaws.com/304_1634827893_d57e37ae9faf20ed4b7ba09cfc352dad.jpg
60,時尚（設時鐘）酒店,https://c25-frd-bucket.s3.ap-southeast-1.amazonaws.com/304_1634827903_bc5d6cab53a179655da4ec37e73e59d3.jpg
60,時尚（設時鐘）酒店,https://c25-frd-bucket.s3.ap-southeast-1.amazonaws.com/304_1634827916_6b4aa86a5df67d27b4258c55ef60a3e1.jpg
60,時尚（設時鐘）酒店,https://c25-frd-bucket.s3.ap-southeast-1.amazonaws.com/304_1634827929_b4502923f9dea857438c60c79dbfa7da.jpeg
60,時尚（設時鐘）酒店,https://c25-frd-bucket.s3.ap-southeast-1.amazonaws.com/304_1634827941_fd1d492165ded0a0f591923a2ac3fd27.jpeg
60,時尚（設時鐘）酒店,https://c25-frd-bucket.s3.ap-southeast-1.amazonaws.com/304_1634827953_8c717109926ea938531b23e04af47166.jpeg
60,時尚（設時鐘）酒店,https://c25-frd-bucket.s3.ap-southeast-1.amazonaws.com/304_1634827962_0289dcc61f7fa7fcd04959bd478794dc.jpeg
60,時尚（設時鐘）酒店,https://c25-frd-bucket.s3.ap-southeast-1.amazonaws.com/304_1634827971_322275c1968688dfdb6b82ead55ab963.jpeg
60,時尚（設時鐘）酒店,https://c25-frd-bucket.s3.ap-southeast-1.amazonaws.com/304_1634827980_1b09112a49ccc5723110f1bb0b265bfb.jpeg
61,阿樂賓館,https://c25-frd-bucket.s3.ap-southeast-1.amazonaws.com/1634876378_76edca859425db9513a860adae5dbbb8.jpg
61,阿樂賓館,https://c25-frd-bucket.s3.ap-southeast-1.amazonaws.com/305_1634876391_eaf47c8f7d1e0d3b6ab4dc11b1b96615.jpg
61,阿樂賓館,https://c25-frd-bucket.s3.ap-southeast-1.amazonaws.com/305_1634876401_8fd70035e884ebbafd8dd7fc746d6461.jpg
61,阿樂賓館,https://c25-frd-bucket.s3.ap-southeast-1.amazonaws.com/305_1634876411_8f63baa9c092bf36274067023f4f0f13.jpg
61,阿樂賓館,https://c25-frd-bucket.s3.ap-southeast-1.amazonaws.com/305_1634876421_5fbfb61c1a3567861be17e849dee6739.jpg
61,阿樂賓館,https://c25-frd-bucket.s3.ap-southeast-1.amazonaws.com/305_1634876429_8e24bfe897569fdd465c2c92231f1ddd.jpg
62,麗豪別墅,https://c25-frd-bucket.s3.ap-southeast-1.amazonaws.com/1634879219_7653471184f92de9037ec5fd04778512.jpeg
62,麗豪別墅,https://c25-frd-bucket.s3.ap-southeast-1.amazonaws.com/306_1634879148_a38d6fca8d805e0b459345a2bc71bf11.jpeg
62,麗豪別墅,https://c25-frd-bucket.s3.ap-southeast-1.amazonaws.com/306_1634879158_0dfcd6a24e91cb2caf4a5b80deaa8d31.jpeg
62,麗豪別墅,https://c25-frd-bucket.s3.ap-southeast-1.amazonaws.com/306_1634879165_b3e26cd9fb6f2a515023299706bbcc7e.jpeg
62,麗豪別墅,https://c25-frd-bucket.s3.ap-southeast-1.amazonaws.com/306_1634879176_2ff80f6fd57920e648951e28db26f670.jpeg
63,星輝賓館,https://c25-frd-bucket.s3.ap-southeast-1.amazonaws.com/1634880063_8a08bb341dedbfd54f5937a6360b8d84.jpg
63,星輝賓館,https://c25-frd-bucket.s3.ap-southeast-1.amazonaws.com/307_1634879941_1ba49f5ac6fb32e6cac8da5cf0f43e4e.jpg
63,星輝賓館,https://c25-frd-bucket.s3.ap-southeast-1.amazonaws.com/307_1634879957_c564322ef30b520341ec6961547b49a2.jpeg
63,星輝賓館,https://c25-frd-bucket.s3.ap-southeast-1.amazonaws.com/307_1634880005_682dff06b08310fab3601336b8210f09.jpg
63,星輝賓館,https://c25-frd-bucket.s3.ap-southeast-1.amazonaws.com/307_1634880076_90a219d9b358d3968f7cba9e33af8d97.jpg
64,蟠龍別墅,https://c25-frd-bucket.s3.ap-southeast-1.amazonaws.com/1634886047_2c731c3dd0592a8a3d256c9300b6172b.jpeg
64,蟠龍別墅,https://c25-frd-bucket.s3.ap-southeast-1.amazonaws.com/309_1634886061_595d03497685460dc5cff1f93dc3a709.jpeg
64,蟠龍別墅,https://c25-frd-bucket.s3.ap-southeast-1.amazonaws.com/309_1634886074_806758747f786a381c7ab14232359868.jpeg
64,蟠龍別墅,https://c25-frd-bucket.s3.ap-southeast-1.amazonaws.com/309_1634886085_78f32b3ec436a0550fa7ef629389470b.jpeg
64,蟠龍別墅,https://c25-frd-bucket.s3.ap-southeast-1.amazonaws.com/309_1634886095_de11009a00897ba9e8aad82780da6d40.jpeg
65,西班牙賓館,https://c25-frd-bucket.s3.ap-southeast-1.amazonaws.com/1634886875_9e30862c63095ab66cab8b2dd64a6dcf.jpg
65,西班牙賓館,https://c25-frd-bucket.s3.ap-southeast-1.amazonaws.com/310_1634886887_58b5b72dfddff44768b1f44e5c4f711a.jpg
65,西班牙賓館,https://c25-frd-bucket.s3.ap-southeast-1.amazonaws.com/310_1634886893_779f711afe77915d2b32ee6a5e8d67f1.jpg
65,西班牙賓館,https://c25-frd-bucket.s3.ap-southeast-1.amazonaws.com/310_1634886899_274e5a48306279379cdabfa29a8f0c34.jpg
65,西班牙賓館,https://c25-frd-bucket.s3.ap-southeast-1.amazonaws.com/310_1634886904_9517efc48b09ed31d7f492a8a9bb37c3.jpg
65,西班牙賓館,https://c25-frd-bucket.s3.ap-southeast-1.amazonaws.com/310_1634886910_07e371d4dd96762ea0499bb9a7026ab8.jpg
65,西班牙賓館,https://c25-frd-bucket.s3.ap-southeast-1.amazonaws.com/310_1634886915_6b555eed42b40710af571d42e72c0e22.jpg
65,西班牙賓館,https://c25-frd-bucket.s3.ap-southeast-1.amazonaws.com/310_1634886922_de93584b5354c3a78b319ba5e31a8031.jpg
65,西班牙賓館,https://c25-frd-bucket.s3.ap-southeast-1.amazonaws.com/310_1634886931_4664d44b7c4313e60ac95b2976f5f0f1.jpg
65,西班牙賓館,https://c25-frd-bucket.s3.ap-southeast-1.amazonaws.com/310_1634886936_9e0b1d5645e722e218e7f8ecd302e460.jpg
66,維珍尼亞賓館,https://c25-frd-bucket.s3.ap-southeast-1.amazonaws.com/virginia_hotel.jpg
66,維珍尼亞賓館,https://c25-frd-bucket.s3.ap-southeast-1.amazonaws.com/virginia_2.jpg
66,維珍尼亞賓館,https://c25-frd-bucket.s3.ap-southeast-1.amazonaws.com/virginia_3.jpg
67,輝煌小築,https://c25-frd-bucket.s3.ap-southeast-1.amazonaws.com/1634902318_849eb77c120e30e8ccc35d34821fc317.jpg
67,輝煌小築,https://c25-frd-bucket.s3.ap-southeast-1.amazonaws.com/313_1634902363_a7901626b60127a8b739b402a84d8156.jpeg
67,輝煌小築,https://c25-frd-bucket.s3.ap-southeast-1.amazonaws.com/313_1634902372_65ac6b362cf62e733ee5ae1e50c2fde0.jpeg
67,輝煌小築,https://c25-frd-bucket.s3.ap-southeast-1.amazonaws.com/313_1634902381_951d4dff3c22e9fcc4a2707009f45ea8.jpeg
67,輝煌小築,https://c25-frd-bucket.s3.ap-southeast-1.amazonaws.com/313_1634902394_cc21f5d16639401cee2ae558558789d9.jpg
67,輝煌小築,https://c25-frd-bucket.s3.ap-southeast-1.amazonaws.com/313_1634902403_cc21f5d16639401cee2ae558558789d9.jpg
68,美景賓館,https://c25-frd-bucket.s3.ap-southeast-1.amazonaws.com/1633673956_70e1c7e4abf54c2b421bf6bf485b050c.jpg
68,美景賓館,https://c25-frd-bucket.s3.ap-southeast-1.amazonaws.com/282_1633674006_adaff3aea153b7191524eb4b990b67ba.jpg
68,美景賓館,https://c25-frd-bucket.s3.ap-southeast-1.amazonaws.com/282_1633674017_1cb192cb0a1d9ff4c44481b43dc49461.jpg
69,雅麗別墅,https://c25-frd-bucket.s3.ap-southeast-1.amazonaws.com/1633674602_387795c86765346eca0c041bac00348b.jpg
69,雅麗別墅,https://c25-frd-bucket.s3.ap-southeast-1.amazonaws.com/283_1633674672_387795c86765346eca0c041bac00348b.jpg
70,桃園賓館,https://c25-frd-bucket.s3.ap-southeast-1.amazonaws.com/1633678993_04c1fb59fe87445dd88cbe540e544e5e.jpg
70,桃園賓館,https://c25-frd-bucket.s3.ap-southeast-1.amazonaws.com/284_1633679008_18932340006c0493a14f6dcd2d21ff31.jpg
71,華都別墅/ 華都賓館,https://c25-frd-bucket.s3.ap-southeast-1.amazonaws.com/1633680327_d40d1a80bd4ebea1047655b54d481602.jpg
71,華都別墅/ 華都賓館,https://c25-frd-bucket.s3.ap-southeast-1.amazonaws.com/286_1633680343_83a5122ab8b0710486c268c251658211.jpg
71,華都別墅/ 華都賓館,https://c25-frd-bucket.s3.ap-southeast-1.amazonaws.com/286_1633680356_8a4d8496c1f92471c7de4a7f7cdf10cb.jpg
72,龍源賓館,https://c25-frd-bucket.s3.ap-southeast-1.amazonaws.com/1633682332_d28a48f2c7306d4ac4ebbc3a8564316d.jpg
72,龍源賓館,https://c25-frd-bucket.s3.ap-southeast-1.amazonaws.com/287_1633682342_d221290afb75b6455f43a1c233fb102d.jpg
72,龍源賓館,https://c25-frd-bucket.s3.ap-southeast-1.amazonaws.com/287_1633682350_91a7df7c409eccec661209f48238ac3d.jpg
72,龍源賓館,https://c25-frd-bucket.s3.ap-southeast-1.amazonaws.com/287_1633682360_ded6eb031a597ce6e51ae4aedbf3126a.jpg
72,龍源賓館,https://c25-frd-bucket.s3.ap-southeast-1.amazonaws.com/287_1633682369_e54fa917025148600c050777cf003c33.jpeg
72,龍源賓館,https://c25-frd-bucket.s3.ap-southeast-1.amazonaws.com/287_1633682638_64ff5304ebf5c00cf738f490a3092ef6.jpg
72,龍源賓館,https://c25-frd-bucket.s3.ap-southeast-1.amazonaws.com/287_1633682645_13d659d8016995ce62a67408d1f62414.jpg
73,薀莎酒店 / 金莎酒店,https://c25-frd-bucket.s3.ap-southeast-1.amazonaws.com/1634282758_4c23671a9119d7848d9b64452a5fc526.jpg
73,薀莎酒店 / 金莎酒店,https://c25-frd-bucket.s3.ap-southeast-1.amazonaws.com/290_1634282922_1e790a43ad4f213d21c1f245d4374206.jpg
73,薀莎酒店 / 金莎酒店,https://c25-frd-bucket.s3.ap-southeast-1.amazonaws.com/290_1634282937_75d86477de0c8825defba90fe1322ac6.jpg
73,薀莎酒店 / 金莎酒店,https://c25-frd-bucket.s3.ap-southeast-1.amazonaws.com/290_1634282944_e83b5b3e1b109109ce303f891cc150f4.jpg
73,薀莎酒店 / 金莎酒店,https://c25-frd-bucket.s3.ap-southeast-1.amazonaws.com/290_1634282963_d5338604e69cf18c40dd81d2749b1026.jpg
73,薀莎酒店 / 金莎酒店,https://c25-frd-bucket.s3.ap-southeast-1.amazonaws.com/290_1634282969_d8fb8bd72d1674d9452ae2961409c420.jpg
73,薀莎酒店 / 金莎酒店,https://c25-frd-bucket.s3.ap-southeast-1.amazonaws.com/290_1634282979_16219004fcbd21f64850b50fa23f6408.jpg
73,薀莎酒店 / 金莎酒店,https://c25-frd-bucket.s3.ap-southeast-1.amazonaws.com/290_1634282987_02fa1b17870f826c031f6a642da26dc9.jpg
73,薀莎酒店 / 金莎酒店,https://c25-frd-bucket.s3.ap-southeast-1.amazonaws.com/290_1634282993_21eab9187b9395129de762d49766fc31.jpg
74,陽光旅館,https://c25-frd-bucket.s3.ap-southeast-1.amazonaws.com/1634285309_441b22dea0dfb38a6322b713f8f46430.jpg
74,陽光旅館,https://c25-frd-bucket.s3.ap-southeast-1.amazonaws.com/292_1634285320_b9af940aac155bc7de5672d312417766.jpg
74,陽光旅館,https://c25-frd-bucket.s3.ap-southeast-1.amazonaws.com/292_1634285326_eb7fc09648076f86add46b8fabb05f2a.jpg
74,陽光旅館,https://c25-frd-bucket.s3.ap-southeast-1.amazonaws.com/292_1634285335_18adf8e4235ca3dbd7b56b041f3311c7.jpg
74,陽光旅館,https://c25-frd-bucket.s3.ap-southeast-1.amazonaws.com/292_1634285343_7cd7727e07fca67de40e4104663dc7f9.jpg
74,陽光旅館,https://c25-frd-bucket.s3.ap-southeast-1.amazonaws.com/292_1634285350_d812b2721993a9fab4b132cf0673260b.jpg
74,陽光旅館,https://c25-frd-bucket.s3.ap-southeast-1.amazonaws.com/292_1634285355_a8d58b33a00a9e1a2d320d831423fccc.jpg
74,陽光旅館,https://c25-frd-bucket.s3.ap-southeast-1.amazonaws.com/292_1634285362_3ce40475f5e2f7fb0bd05fb72752f848.png
75,自助爆房 / 惠福旅館,https://c25-frd-bucket.s3.ap-southeast-1.amazonaws.com/1634286074_ccf22cfc0ef3dfb3bf82e7da416ce5a2.jpg
75,自助爆房 / 惠福旅館,https://c25-frd-bucket.s3.ap-southeast-1.amazonaws.com/293_1634286083_3ff52a8ad58ad44e2da7904ea1625213.jpeg
75,自助爆房 / 惠福旅館,https://c25-frd-bucket.s3.ap-southeast-1.amazonaws.com/293_1634286090_02f7d890469d9e683f0ee9ace5a568e9.jpg
75,自助爆房 / 惠福旅館,https://c25-frd-bucket.s3.ap-southeast-1.amazonaws.com/293_1634286097_0d764576a9c52b51183980817763bd4f.jpeg
75,自助爆房 / 惠福旅館,https://c25-frd-bucket.s3.ap-southeast-1.amazonaws.com/293_1634286106_a55e6f942cee52ec4b248800bb8ef78f.jpg
75,自助爆房 / 惠福旅館,https://c25-frd-bucket.s3.ap-southeast-1.amazonaws.com/293_1634286117_21e19f975d3cdc522eecfaf6905821e9.jpg
75,自助爆房 / 惠福旅館,https://c25-frd-bucket.s3.ap-southeast-1.amazonaws.com/293_1634286127_76b54dc9b047e90405c43cb0fb1de813.jpg
76,C3 SPACE,https://c25-frd-bucket.s3.ap-southeast-1.amazonaws.com/1634356197_3279401776f2dfeefce26d349b12a12e.jpg
76,C3 SPACE,https://c25-frd-bucket.s3.ap-southeast-1.amazonaws.com/294_1634356213_83700c745a545fda573c06edaf75cc65.jpg
76,C3 SPACE,https://c25-frd-bucket.s3.ap-southeast-1.amazonaws.com/294_1634356227_76b54dc9b047e90405c43cb0fb1de813.jpg
76,C3 SPACE,https://c25-frd-bucket.s3.ap-southeast-1.amazonaws.com/294_1634356236_36fd02fcaba7002c4117149d85c32e9d.jpg
76,C3 SPACE,https://c25-frd-bucket.s3.ap-southeast-1.amazonaws.com/294_1634356245_6a1b1a9ca0780ed16b83c4533b075958.jpg
76,C3 SPACE,https://c25-frd-bucket.s3.ap-southeast-1.amazonaws.com/294_1634356257_10e5164e819e1c7616d0a7ae0d13b170.jpg
76,C3 SPACE,https://c25-frd-bucket.s3.ap-southeast-1.amazonaws.com/294_1634356267_3279401776f2dfeefce26d349b12a12e.jpg
76,C3 SPACE,https://c25-frd-bucket.s3.ap-southeast-1.amazonaws.com/294_1634356273_3fc704260cc5b42134ab3f4034a8a63d.jpg
76,C3 SPACE,https://c25-frd-bucket.s3.ap-southeast-1.amazonaws.com/294_1634356280_754078cfdb35fb60a9632f65f8a028e6.jpg
76,C3 SPACE,https://c25-frd-bucket.s3.ap-southeast-1.amazonaws.com/294_1634356286_21e19f975d3cdc522eecfaf6905821e9.jpg
77,非凡酒店,https://c25-frd-bucket.s3.ap-southeast-1.amazonaws.com/1634363458_59c86e13b2d71649dbbc54389420424e.jpg
77,非凡酒店,https://c25-frd-bucket.s3.ap-southeast-1.amazonaws.com/296_1634363547_6ed18bee785e9adb16f33ca3a1634129.jpg
77,非凡酒店,https://c25-frd-bucket.s3.ap-southeast-1.amazonaws.com/296_1634363594_2b65754bbf1745f4437617d188aab232.jpg
77,非凡酒店,https://c25-frd-bucket.s3.ap-southeast-1.amazonaws.com/296_1634363629_0052259cb7598660745ef11bfde24934.jpg
77,非凡酒店,https://c25-frd-bucket.s3.ap-southeast-1.amazonaws.com/296_1634363668_304c30a4d433f2b67dded57bd65fa206.jpg
77,非凡酒店,https://c25-frd-bucket.s3.ap-southeast-1.amazonaws.com/296_1634363698_820d455924137efa1cf6f91d61722242.jpg
77,非凡酒店,https://c25-frd-bucket.s3.ap-southeast-1.amazonaws.com/296_1634363495_32caa3ce533a065c623b23db3c62496b.jpg
77,非凡酒店,https://c25-frd-bucket.s3.ap-southeast-1.amazonaws.com/296_1634363522_b92fc516a11ee44fa8de201059d022d8.jpg
78,利苑別墅/ 龍苑小築,https://c25-frd-bucket.s3.ap-southeast-1.amazonaws.com/1633508831_e35415b752bb4ec1d1aa419b8235c91b.jpg
78,利苑別墅/ 龍苑小築,https://c25-frd-bucket.s3.ap-southeast-1.amazonaws.com/267_1633508906_7fe2923cd4144fe848f71766e131a63c.jpg
78,利苑別墅/ 龍苑小築,https://c25-frd-bucket.s3.ap-southeast-1.amazonaws.com/267_1633508922_8bd0914e434cb427d590a6d6a5d3ecf8.jpg
79,暮舍,https://c25-frd-bucket.s3.ap-southeast-1.amazonaws.com/1633510496_d93cebaeff4ea9001bf2f78ff63caf71.png
79,暮舍,https://c25-frd-bucket.s3.ap-southeast-1.amazonaws.com/269_1633510571_64a5bfd94c7f5d6c106ba229762a1803.png
79,暮舍,https://c25-frd-bucket.s3.ap-southeast-1.amazonaws.com/269_1633510586_ffa9b2bfb0096a9250eb76f54ff57519.png
79,暮舍,https://c25-frd-bucket.s3.ap-southeast-1.amazonaws.com/269_1633510645_7c1cadc6a598935b2c87ec2c502d77ae.jpg
79,暮舍,https://c25-frd-bucket.s3.ap-southeast-1.amazonaws.com/269_1633510780_1247bc252186f2749f29454a7048bcab.jpg
79,暮舍,https://c25-frd-bucket.s3.ap-southeast-1.amazonaws.com/269_1633510791_70429eaf9e428ec5de9ba73ca53da8fd.jpg
79,暮舍,https://c25-frd-bucket.s3.ap-southeast-1.amazonaws.com/269_1633510807_0b90ffa5ae6ca6dc6a578934517930c5.jpg
80,名閣酒店,https://c25-frd-bucket.s3.ap-southeast-1.amazonaws.com/1633582988_b17c0492d199df58913ad65da6e09b60.jpg
80,名閣酒店,https://c25-frd-bucket.s3.ap-southeast-1.amazonaws.com/273_1633583001_669a4e49b71ef7e6ef0f6f2208bf029c.jpg
80,名閣酒店,https://c25-frd-bucket.s3.ap-southeast-1.amazonaws.com/273_1633583007_be924baf9eec6cdca988c20db07b2388.jpg
80,名閣酒店,https://c25-frd-bucket.s3.ap-southeast-1.amazonaws.com/273_1633583015_d1668e5aeebad5f62e41eafd087fb202.jpg
80,名閣酒店,https://c25-frd-bucket.s3.ap-southeast-1.amazonaws.com/273_1633583031_54c9b47eeb422e3d348d67ead7e5cb0c.jpg
80,名閣酒店,https://c25-frd-bucket.s3.ap-southeast-1.amazonaws.com/273_1633583041_561580e6b8604a9a06eed2a987ecdf92.jpg
80,名閣酒店,https://c25-frd-bucket.s3.ap-southeast-1.amazonaws.com/273_1633583052_3b263d8e728c67486845e1865a5ec907.jpg
80,名閣酒店,https://c25-frd-bucket.s3.ap-southeast-1.amazonaws.com/273_1633583059_38a54d857be7ecc186c4ea373f3cf1b3.jpg
80,名閣酒店,https://c25-frd-bucket.s3.ap-southeast-1.amazonaws.com/273_1633583068_9819f96f323465109bda59d390f26f5a.jpg
80,名閣酒店,https://c25-frd-bucket.s3.ap-southeast-1.amazonaws.com/273_1633583074_e6d6c34f4eb7d0c84ea2f20665f6bed7.jpg
80,名閣酒店,https://c25-frd-bucket.s3.ap-southeast-1.amazonaws.com/273_1633583081_56e9070269987235dc8b47f5d1781953.jpg
81,伊甸園,https://c25-frd-bucket.s3.ap-southeast-1.amazonaws.com/1633586999_57244cb0f8da19ec3d1441e773179ffb.jpg
81,伊甸園,https://c25-frd-bucket.s3.ap-southeast-1.amazonaws.com/274_1633587016_9210705539646e79a1cf9f36b8c4cddc.jpg
81,伊甸園,https://c25-frd-bucket.s3.ap-southeast-1.amazonaws.com/274_1633587025_83c4cee0951fbac357856211ab7f19d4.jpg
81,伊甸園,https://c25-frd-bucket.s3.ap-southeast-1.amazonaws.com/274_1633587031_627ed95dcc36537719bbd39401f9c6d2.jpg
81,伊甸園,https://c25-frd-bucket.s3.ap-southeast-1.amazonaws.com/274_1633587041_f4fd8f3b611c810924b7e629c1a6bb6f.jpg
81,伊甸園,https://c25-frd-bucket.s3.ap-southeast-1.amazonaws.com/274_1633587050_e8abb1d9085be25d65fe933fafded283.jpg
81,伊甸園,https://c25-frd-bucket.s3.ap-southeast-1.amazonaws.com/274_1633587061_8ba7701c8d296aa4c250d3ee35ea46c9.jpg
81,伊甸園,https://c25-frd-bucket.s3.ap-southeast-1.amazonaws.com/274_1633587070_40ee0ec36358244bf4a783fb11579975.jpg
81,伊甸園,https://c25-frd-bucket.s3.ap-southeast-1.amazonaws.com/274_1633587081_013aee7d57dee2cb44195a61993fbba8.jpg
81,伊甸園,https://c25-frd-bucket.s3.ap-southeast-1.amazonaws.com/274_1633587090_7c7dfac2b4cfcad99bfad17e4afc51be.jpg
81,伊甸園,https://c25-frd-bucket.s3.ap-southeast-1.amazonaws.com/274_1633587100_501ac33ae625f151daf27f59dbc60dc2.jpg
81,伊甸園,https://c25-frd-bucket.s3.ap-southeast-1.amazonaws.com/274_1633587106_342bce71f542234776b7974fc6d70dd5.jpg
81,伊甸園,https://c25-frd-bucket.s3.ap-southeast-1.amazonaws.com/274_1633592730_800e33217d5ba09df53d9dabbef667cf.png
81,伊甸園,https://c25-frd-bucket.s3.ap-southeast-1.amazonaws.com/274_1633592741_5254e9e9d4f3ac7ed3893bb38aa2780b.png
82,心心賓館,https://c25-frd-bucket.s3.ap-southeast-1.amazonaws.com/1633663275_eac704e49efde38064bcdc0633c12ff9.jpg
82,心心賓館,https://c25-frd-bucket.s3.ap-southeast-1.amazonaws.com/275_1633663454_13351014d79f2da5c6853029bc6247e8.jpg
83,富麗宮賓館,https://c25-frd-bucket.s3.ap-southeast-1.amazonaws.com/1633666433_387795c86765346eca0c041bac00348b.jpg
83,富麗宮賓館,https://c25-frd-bucket.s3.ap-southeast-1.amazonaws.com/277_1633666505_fd933a346982a758aeb58890923a174b.jpg
84,美麗宮賓館,https://c25-frd-bucket.s3.ap-southeast-1.amazonaws.com/1633667142_5809d5ceed49f19f8f16333c0bf4ed97.jpg
84,美麗宮賓館,https://c25-frd-bucket.s3.ap-southeast-1.amazonaws.com/278_1633667155_c96ef2cf497e2c07acb0b709c26fcb71.jpg
85,雅仕賓館,https://c25-frd-bucket.s3.ap-southeast-1.amazonaws.com/1633328772_8d798375ad4d0499afae9d6e3fdfeb44.jpeg
85,雅仕賓館,https://c25-frd-bucket.s3.ap-southeast-1.amazonaws.com/200_1633359566_db3fd576cb5cfdb1db78d37f6350f63c.jpeg
85,雅仕賓館,https://c25-frd-bucket.s3.ap-southeast-1.amazonaws.com/200_1633359586_e0f47a5c960042cb4162ad3ff920db53.jpeg
85,雅仕賓館,https://c25-frd-bucket.s3.ap-southeast-1.amazonaws.com/200_1633359602_99680cfe2fe85f8910311f238fdcdf4b.jpeg
86,芝柏別墅,https://c25-frd-bucket.s3.ap-southeast-1.amazonaws.com/1633671766_787883f4e12f95cbd7d438d1c7d7b697.jpg
86,芝柏別墅,https://c25-frd-bucket.s3.ap-southeast-1.amazonaws.com/280_1633671915_a7432dd77725ed77135258642b2f2cd5.png
87,益豐賓館,https://c25-frd-bucket.s3.ap-southeast-1.amazonaws.com/1633672431_0c6a25aa9f0768257b4476f60c37e24b.jpg
87,益豐賓館,https://c25-frd-bucket.s3.ap-southeast-1.amazonaws.com/281_1633672441_735a21a614890d1fc1de4d8136db1092.jpg
87,益豐賓館,https://c25-frd-bucket.s3.ap-southeast-1.amazonaws.com/281_1633672448_e2d4957768a6049fb156fc6d7efaa195.jpg
87,益豐賓館,https://c25-frd-bucket.s3.ap-southeast-1.amazonaws.com/281_1633672455_9c9e038775e9c41968687fa4ea251414.jpg
87,益豐賓館,https://c25-frd-bucket.s3.ap-southeast-1.amazonaws.com/281_1633672465_27e1f172bbd1fca6a0a592d0844b4cac.jpg
87,益豐賓館,https://c25-frd-bucket.s3.ap-southeast-1.amazonaws.com/281_1633672476_74f2a12d7e9e5eaed320eea9740a792e.jpg
87,益豐賓館,https://c25-frd-bucket.s3.ap-southeast-1.amazonaws.com/281_1633672483_2493e63c26e1e7e9e78573744b374b20.jpg
87,益豐賓館,https://c25-frd-bucket.s3.ap-southeast-1.amazonaws.com/281_1633672491_22360b4dbd4cc5a0734b96f1dbb542ce.jpg
87,益豐賓館,https://c25-frd-bucket.s3.ap-southeast-1.amazonaws.com/281_1633672502_ea41aa84768eea1229aff530cfa8962f.jpg
87,益豐賓館,https://c25-frd-bucket.s3.ap-southeast-1.amazonaws.com/281_1633672509_8c6ec0cf6a4a210abf91f0e4b78de37c.jpg
87,益豐賓館,https://c25-frd-bucket.s3.ap-southeast-1.amazonaws.com/281_1633672516_b0e5039ae6ebb099671386cb2dfb4a77.jpg
87,益豐賓館,https://c25-frd-bucket.s3.ap-southeast-1.amazonaws.com/281_1633672522_7ee2b65a1a8b4887b429de88a43194a3.jpg
87,益豐賓館,https://c25-frd-bucket.s3.ap-southeast-1.amazonaws.com/281_1633672528_af159be3c9d808dffbd5392ac439266f.jpg
88,大埔賓館,https://c25-frd-bucket.s3.ap-southeast-1.amazonaws.com/1632893578_21923e621f7682388183f0f87c126660.jpg
88,大埔賓館,https://c25-frd-bucket.s3.ap-southeast-1.amazonaws.com/209_1633879717_166a1b6fc48f0b685a77e73bdd756dbd.jpeg
88,大埔賓館,https://c25-frd-bucket.s3.ap-southeast-1.amazonaws.com/209_1632893602_e67c318fa779227d114ba68b1fbe4282.jpg
88,大埔賓館,https://c25-frd-bucket.s3.ap-southeast-1.amazonaws.com/209_1632893611_3cad84eec52a7435b43350018db7ccce.jpg
88,大埔賓館,https://c25-frd-bucket.s3.ap-southeast-1.amazonaws.com/209_1632893626_f82efe2c020471d3e01225fc4220bc54.jpg
88,大埔賓館,https://c25-frd-bucket.s3.ap-southeast-1.amazonaws.com/209_1632893632_b629e64b946be7aae809db9bff183323.jpg
88,大埔賓館,https://c25-frd-bucket.s3.ap-southeast-1.amazonaws.com/209_1632893651_618df9ebc88d21f449012e6e6de554f8.jpg
88,大埔賓館,https://c25-frd-bucket.s3.ap-southeast-1.amazonaws.com/209_1633879781_9c946a708894795d320d3ce0fb111f83.jpeg
88,大埔賓館,https://c25-frd-bucket.s3.ap-southeast-1.amazonaws.com/209_1634032834_cec5ac431d84dfd936478bc7584249db.jpeg
88,大埔賓館,https://c25-frd-bucket.s3.ap-southeast-1.amazonaws.com/209_1634032747_52c54aa2df87e78e04829f55268d0bac.jpeg
89,上水酒店,https://c25-frd-bucket.s3.ap-southeast-1.amazonaws.com/1632982026_63b121ed9425d9cdfe6b6bef5094d6ae.jpg
89,上水酒店,https://c25-frd-bucket.s3.ap-southeast-1.amazonaws.com/197_1632982052_ac712b533ab907b45748988488c1051d.jpg
89,183 彌敦道,https://c25-frd-bucket.s3.ap-southeast-1.amazonaws.com/1668148109_5958d67326cac4ea67179ea27a478b55.jpeg
89,184 彌敦道,https://c25-frd-bucket.s3.ap-southeast-1.amazonaws.com/346_1668156316_4fa391491c27d4637e5d31148573f5c5.jpg
89,185 彌敦道,https://c25-frd-bucket.s3.ap-southeast-1.amazonaws.com/346_1668156323_6f0e8aab33e8fff87f6446cb1b9caf82.jpg
89,186 彌敦道,https://c25-frd-bucket.s3.ap-southeast-1.amazonaws.com/346_1668156334_0ceaf47a6ad644b9cdee6af2bf99e371.jpg
89,187 彌敦道,https://c25-frd-bucket.s3.ap-southeast-1.amazonaws.com/346_1668156340_3c6ddaf70bb592e3132f6c2408d0b1f3.jpg
89,188 彌敦道,https://c25-frd-bucket.s3.ap-southeast-1.amazonaws.com/346_1668156347_e9a4ca544b3e00c8dbfcc796bb464408.jpg
89,189 彌敦道,https://c25-frd-bucket.s3.ap-southeast-1.amazonaws.com/346_1668156352_2c4c81877e8383275536ff080060c6d8.jpg
89,190 彌敦道,https://c25-frd-bucket.s3.ap-southeast-1.amazonaws.com/346_1668156358_d7ca0284578db4af9d23ed2721006c53.jpg
89,191 彌敦道,https://c25-frd-bucket.s3.ap-southeast-1.amazonaws.com/346_1668156457_6ad5b88fb123c4f6d1bcaa8c9a2ea616.jpg
89,192 彌敦道,https://c25-frd-bucket.s3.ap-southeast-1.amazonaws.com/346_1668156466_bbc62d70655bfbe9428c4cbb4d8b1c6d.jpg
89,193 彌敦道,https://c25-frd-bucket.s3.ap-southeast-1.amazonaws.com/346_1668156411_b51de7fdcb60294e8764bc40ddf761b5.jpg
89,194 彌敦道,https://c25-frd-bucket.s3.ap-southeast-1.amazonaws.com/346_1668156270_509d2817212f42b4e39a6542928b0cb7.jpg
89,195 彌敦道,https://c25-frd-bucket.s3.ap-southeast-1.amazonaws.com/346_1668156279_d9f123aca83ea192cd767dfe15061b2f.jpg
89,196 彌敦道,https://c25-frd-bucket.s3.ap-southeast-1.amazonaws.com/346_1668156289_1024c60f737b164773ad289b53b802eb.jpg
89,197 彌敦道,https://c25-frd-bucket.s3.ap-southeast-1.amazonaws.com/346_1668156296_b122b24010faf2d80414653e6743f46e.jpg
89,198 彌敦道,https://c25-frd-bucket.s3.ap-southeast-1.amazonaws.com/346_1668156303_5b3d5182cd2dbefab2540052e2f309ae.jpg
89,199 彌敦道,https://c25-frd-bucket.s3.ap-southeast-1.amazonaws.com/346_1668156310_87542a56ed9006b261d9774c7bb3202e.jpg
90,名人酒店,https://c25-frd-bucket.s3.ap-southeast-1.amazonaws.com/1633494095_ad7f5e537f79edb7bb573d6edb71dd7c.jpg
90,名人酒店,https://c25-frd-bucket.s3.ap-southeast-1.amazonaws.com/256_1633494235_a7a388ee2edb16d23f88506fb3f1d7f5.jpg
90,名人酒店,https://c25-frd-bucket.s3.ap-southeast-1.amazonaws.com/256_1633494245_2e24d7410b73ac303ed4e60db76530b8.jpg
90,名人酒店,https://c25-frd-bucket.s3.ap-southeast-1.amazonaws.com/256_1633494348_3e8dfcc06eec9d9b8bf43048b00f7649.jpg
91,金碧輝煌酒店,https://c25-frd-bucket.s3.ap-southeast-1.amazonaws.com/1633500088_b04d36b8952e95a3a07b4ef59891a134.jpg
91,金碧輝煌酒店,https://c25-frd-bucket.s3.ap-southeast-1.amazonaws.com/258_1633500096_b138da53ab2db51c6b70098137e61914.jpg
91,金碧輝煌酒店,https://c25-frd-bucket.s3.ap-southeast-1.amazonaws.com/258_1633500106_cfba33b62c21674110643b5be5f6e47f.jpg
91,金碧輝煌酒店,https://c25-frd-bucket.s3.ap-southeast-1.amazonaws.com/258_1633500128_69c3f618298340a918f77845f63f514d.png
91,金碧輝煌酒店,https://c25-frd-bucket.s3.ap-southeast-1.amazonaws.com/258_1633500135_58ca66d3d955015fca37300f48c25a72.png
92,北角賓館,https://c25-frd-bucket.s3.ap-southeast-1.amazonaws.com/1633500751_124e1d871d8bf04ed2b8f45864486a00.png
92,北角賓館,https://c25-frd-bucket.s3.ap-southeast-1.amazonaws.com/259_1633501231_fd4fb04b9dc50016ab8d5a72d772cd0f.jpg
92,北角賓館,https://c25-frd-bucket.s3.ap-southeast-1.amazonaws.com/259_1633501238_a9d6b3119aa7d62dbf6a09a53b71cf28.jpg
92,北角賓館,https://c25-frd-bucket.s3.ap-southeast-1.amazonaws.com/259_1633501823_3fb4bcaf4c9988d2e636e18026bc36d7.jpg
93,美都旅館,https://c25-frd-bucket.s3.ap-southeast-1.amazonaws.com/1633501781_3fb4bcaf4c9988d2e636e18026bc36d7.jpg
93,美都旅館,https://c25-frd-bucket.s3.ap-southeast-1.amazonaws.com/260_1633501797_b04d36b8952e95a3a07b4ef59891a134.jpg
94,美輪賓館,https://c25-frd-bucket.s3.ap-southeast-1.amazonaws.com/1633502345_8a3fbfa2cf86c9a682add7b1a6e09de0.jpg
94,美輪賓館,https://c25-frd-bucket.s3.ap-southeast-1.amazonaws.com/261_1633502356_3b136bf60441cadd0369301b5eb1b2bf.jpg
94,美輪賓館,https://c25-frd-bucket.s3.ap-southeast-1.amazonaws.com/261_1633502367_4c15d6d99026d2d0faed55ac2757bef0.jpg
95,蜜月時租酒店,https://c25-frd-bucket.s3.ap-southeast-1.amazonaws.com/1633504317_21c16b257fab5ff399d2836221c56bc7.jpg
95,蜜月時租酒店,https://c25-frd-bucket.s3.ap-southeast-1.amazonaws.com/263_1633504327_5e9b1427b6263b30bdb1c2529a8bbe1b.jpg
95,蜜月時租酒店,https://c25-frd-bucket.s3.ap-southeast-1.amazonaws.com/263_1633504336_2c252fd86da6fc02f988d6e0ee0fb00a.jpg
95,蜜月時租酒店,https://c25-frd-bucket.s3.ap-southeast-1.amazonaws.com/263_1633504346_499cd4d8ecf09f63f4f5635e85b2c11d.jpg
95,蜜月時租酒店,https://c25-frd-bucket.s3.ap-southeast-1.amazonaws.com/263_1633573171_88a77efce76adb5203001c3b7876b253.jpg
96,喜來園別墅,https://c25-frd-bucket.s3.ap-southeast-1.amazonaws.com/1633506211_6f86f98378fe9bf96a9b58e3ac3d3eae.jpg
96,喜來園別墅,https://c25-frd-bucket.s3.ap-southeast-1.amazonaws.com/265_1633506226_bec15603d05b6bbeddb5634de42a42f7.jpg
97,杏花小築,https://c25-frd-bucket.s3.ap-southeast-1.amazonaws.com/1633507577_84aee680ac4de87cd7b3dc8b370d186f.jpg
97,杏花小築,https://c25-frd-bucket.s3.ap-southeast-1.amazonaws.com/266_1633527146_6106bf11b588a635a97de43e75bb09f2.jpeg
97,杏花小築,https://c25-frd-bucket.s3.ap-southeast-1.amazonaws.com/266_1633507661_5f409704d0a3b5f432755bf734bd58a7.jpg
98,皇宮賓館,https://c25-frd-bucket.s3.ap-southeast-1.amazonaws.com/1632900472_e7024f4cfc1e6dbde27530b4f728b319.jpg
99,漫春天精品酒店,https://c25-frd-bucket.s3.ap-southeast-1.amazonaws.com/1631852664_d8996c0f498cb51ad7cd8c331d934d0b.jpg
99,漫春天精品酒店,https://c25-frd-bucket.s3.ap-southeast-1.amazonaws.com/229_1631852688_0e56ba5d0c35423cae0f75db35ded09b.jpg
99,漫春天精品酒店,https://c25-frd-bucket.s3.ap-southeast-1.amazonaws.com/229_1631852699_27ae4381057513eaa36385e2e01b25fb.jpg
99,漫春天精品酒店,https://c25-frd-bucket.s3.ap-southeast-1.amazonaws.com/229_1631852708_f0a6f3c6c285eeb6d84a190461637542.jpg
99,漫春天精品酒店,https://c25-frd-bucket.s3.ap-southeast-1.amazonaws.com/229_1631852719_5d3d1e7ae78d9c9da42bd0915a55a95d.jpg
99,漫春天精品酒店,https://c25-frd-bucket.s3.ap-southeast-1.amazonaws.com/229_1631852726_7333aed87603d7824a54ed77e9debc02.jpg
99,漫春天精品酒店,https://c25-frd-bucket.s3.ap-southeast-1.amazonaws.com/229_1631852734_a5d70a2a78527b8fd0cf4bd9d4e9bca5.jpg
100,明珠賓館,https://c25-frd-bucket.s3.ap-southeast-1.amazonaws.com/1633420278_c54b739b68ee7b04d9d9f87f9f54e749.jpg
100,明珠賓館,https://c25-frd-bucket.s3.ap-southeast-1.amazonaws.com/251_1633420293_63de1bafec341e6d8fbc728347013e73.jpg
100,明珠賓館,https://c25-frd-bucket.s3.ap-southeast-1.amazonaws.com/251_1633420302_cec223dba46d348e5ce793bf015c8878.jpg
101,京華賓館(佐敦),https://c25-frd-bucket.s3.ap-southeast-1.amazonaws.com/1634957928_c97ec21fcbbd35b713873f884f67280e.jpg
101,京華賓館(佐敦),https://c25-frd-bucket.s3.ap-southeast-1.amazonaws.com/314_1634957967_eadfb6596bdd8ae605989e06a0c42a90.jpg
101,京華賓館(佐敦),https://c25-frd-bucket.s3.ap-southeast-1.amazonaws.com/314_1634957973_a2accb4694991ffca0bbc42998900f30.jpg
101,京華賓館(佐敦),https://c25-frd-bucket.s3.ap-southeast-1.amazonaws.com/314_1634957983_7f3c12f22933e07181dc213b07ceb99e.jpg
101,京華賓館(佐敦),https://c25-frd-bucket.s3.ap-southeast-1.amazonaws.com/314_1634957990_8903702d6121ef20a71a7d7393c7f608.jpg
101,京華賓館(佐敦),https://c25-frd-bucket.s3.ap-southeast-1.amazonaws.com/314_1634957996_d3a45245721e5de512bf3d6a7901d52e.jpg
101,京華賓館(佐敦),https://c25-frd-bucket.s3.ap-southeast-1.amazonaws.com/314_1634958002_67feadf056b26efeb76e90924fd3f3b8.jpg
101,京華賓館(佐敦),https://c25-frd-bucket.s3.ap-southeast-1.amazonaws.com/314_1634958010_8f739dfb4f611451eca60a4ccde0061a.jpg
101,京華賓館(佐敦),https://c25-frd-bucket.s3.ap-southeast-1.amazonaws.com/314_1634958018_95577cc8411f2e8c8915f561c09d2ba5.jpg
101,京華賓館(佐敦),https://c25-frd-bucket.s3.ap-southeast-1.amazonaws.com/314_1634958026_9c3b8588c7679f6324991843a9c64c72.jpg
101,京華賓館(佐敦),https://c25-frd-bucket.s3.ap-southeast-1.amazonaws.com/314_1634958046_5c63223eb51124300bed12e26d88ce81.jpg
101,京華賓館(佐敦),https://c25-frd-bucket.s3.ap-southeast-1.amazonaws.com/314_1634958053_d559f4842485adeb8241e75007ac80c8.jpg
101,京華賓館(佐敦),https://c25-frd-bucket.s3.ap-southeast-1.amazonaws.com/314_1634958059_51753f027c03b28dc372efa2bfec9471.jpg
101,京華賓館(佐敦),https://c25-frd-bucket.s3.ap-southeast-1.amazonaws.com/314_1634958063_d1f336e9c382a29e6ab7855693492b4e.jpg
102,雅仕賓館,https://c25-frd-bucket.s3.ap-southeast-1.amazonaws.com/1633670796_387795c86765346eca0c041bac00348b.jpg
102,雅仕賓館,https://c25-frd-bucket.s3.ap-southeast-1.amazonaws.com/279_1633670879_9d444dbb17f1794c3b3dd4d0aecd72f0.jpg
102,雅仕賓館,https://c25-frd-bucket.s3.ap-southeast-1.amazonaws.com/279_1633670887_03e623ff352cc4bfd55938cfe2ccc105.jpg
102,雅仕賓館,https://c25-frd-bucket.s3.ap-southeast-1.amazonaws.com/279_1633670896_3e5cc5310615a1c7af265c3c5e0cda90.jpg
102,雅仕賓館,https://c25-frd-bucket.s3.ap-southeast-1.amazonaws.com/279_1633670904_902b4e449e49188bd883034379fc9c74.jpg
102,雅仕賓館,https://c25-frd-bucket.s3.ap-southeast-1.amazonaws.com/279_1633670913_170f83e145d7e9512cd710d12c376412.jpg
102,雅仕賓館,https://c25-frd-bucket.s3.ap-southeast-1.amazonaws.com/279_1633670921_d30ff99725a0756346116413e89fd365.jpg
102,雅仕賓館,https://c25-frd-bucket.s3.ap-southeast-1.amazonaws.com/279_1633670930_bf100bb761b0326d17a39bbde6d5aca2.jpg
102,雅仕賓館,https://c25-frd-bucket.s3.ap-southeast-1.amazonaws.com/279_1633670938_19eb2ab836442761c30db43599c4cb83.jpg
102,雅仕賓館,https://c25-frd-bucket.s3.ap-southeast-1.amazonaws.com/279_1633670950_ebe3b1ffa6170ff4f9e3a5fddcc7ce2e.jpg
102,雅仕賓館,https://c25-frd-bucket.s3.ap-southeast-1.amazonaws.com/279_1633670956_03aea38ec113d2f399d4570c577af5d3.jpg
102,雅仕賓館,https://c25-frd-bucket.s3.ap-southeast-1.amazonaws.com/279_1633670965_c8066d5b4136ee8636a36dfc05819dd7.jpg
102,雅仕賓館,https://c25-frd-bucket.s3.ap-southeast-1.amazonaws.com/279_1633670971_9a64ae1c14dbc05827a361a6ebb07a44.jpg
103,海景小築,https://c25-frd-bucket.s3.ap-southeast-1.amazonaws.com/1632969858_1a6f8e62a0e7d0e6d6c41e2f8890f325.jpg
103,海景小築,https://c25-frd-bucket.s3.ap-southeast-1.amazonaws.com/192_1632969872_fdb18fb6da1f9d2df64252b2fdad9c77.jpg
104,新時代時鐘酒店,https://c25-frd-bucket.s3.ap-southeast-1.amazonaws.com/1633503049_8c1b2e7a306cc330ed2e0b64409f5354.jpg
104,新時代時鐘酒店,https://c25-frd-bucket.s3.ap-southeast-1.amazonaws.com/262_1633503064_674690f9969f6532b2a910a8208a511b.jpg
104,新時代時鐘酒店,https://c25-frd-bucket.s3.ap-southeast-1.amazonaws.com/262_1633503072_daf85416e29e4ecfde72c70a108477ea.jpg
104,新時代時鐘酒店,https://c25-frd-bucket.s3.ap-southeast-1.amazonaws.com/262_1633503081_753c1f8f753affab7259c2cd31194da3.jpg
104,新時代時鐘酒店,https://c25-frd-bucket.s3.ap-southeast-1.amazonaws.com/262_1633503089_03e5bc679063bedcedd4f0e23df2c4b2.jpg
104,新時代時鐘酒店,https://c25-frd-bucket.s3.ap-southeast-1.amazonaws.com/262_1633503099_da50a9f6deba8e98bee5986d599dc7ad.jpg
104,新時代時鐘酒店,https://c25-frd-bucket.s3.ap-southeast-1.amazonaws.com/262_1633503111_1a4e6a1892749972daa62268212ba632.jpg
104,新時代時鐘酒店,https://c25-frd-bucket.s3.ap-southeast-1.amazonaws.com/262_1633503121_65054e62cd5b8a367f92b3c4a4835ff8.jpg
104,新時代時鐘酒店,https://c25-frd-bucket.s3.ap-southeast-1.amazonaws.com/262_1633503131_5ca44978cfc28b6df9fadd4936bf85e1.jpg
104,新時代時鐘酒店,https://c25-frd-bucket.s3.ap-southeast-1.amazonaws.com/262_1633503140_d08c09b6325f424d325689ae5b6d5098.jpg
105,碧麗宮賓館,https://c25-frd-bucket.s3.ap-southeast-1.amazonaws.com/1633330719_d86a5758269c052bef865af36087c206.jpg
105,碧麗宮賓館,https://c25-frd-bucket.s3.ap-southeast-1.amazonaws.com/202_1633330857_6a992d5529f459a44fee58c733255e86.jpg
105,碧麗宮賓館,https://c25-frd-bucket.s3.ap-southeast-1.amazonaws.com/202_1633331562_b8537176fdd4689d756cfbcb53407599.jpg
106,香港比華利酒店,https://c25-frd-bucket.s3.ap-southeast-1.amazonaws.com/1633576666_2bc67e6fbe419240ed99b06005083a5b.jpg
106,香港比華利酒店,https://c25-frd-bucket.s3.ap-southeast-1.amazonaws.com/271_1633576697_d08c09b6325f424d325689ae5b6d5098.jpg
106,香港比華利酒店,https://c25-frd-bucket.s3.ap-southeast-1.amazonaws.com/271_1633576710_03e5bc679063bedcedd4f0e23df2c4b2.jpg
106,香港比華利酒店,https://c25-frd-bucket.s3.ap-southeast-1.amazonaws.com/271_1633576739_1bb1d0ac12190824f1be7c0de4c3426e.jpg
107,小熊酒店,https://c25-frd-bucket.s3.ap-southeast-1.amazonaws.com/1634364580_701342689be450d07f3d3d10dd0ae1c4.jpg
107,小熊酒店,https://c25-frd-bucket.s3.ap-southeast-1.amazonaws.com/297_1634364590_4dec2c0c8b04e387ff242f720b568714.jpg
107,小熊酒店,https://c25-frd-bucket.s3.ap-southeast-1.amazonaws.com/297_1634364599_1614a35d4bc43726e63fedb5901d9a83.jpg
107,小熊酒店,https://c25-frd-bucket.s3.ap-southeast-1.amazonaws.com/297_1634364605_b39846850abb5a41529d593c2a1c6a75.jpg
107,小熊酒店,https://c25-frd-bucket.s3.ap-southeast-1.amazonaws.com/297_1634364612_1a552e94b975c9f5d341d2f30644c2a1.jpg
107,小熊酒店,https://c25-frd-bucket.s3.ap-southeast-1.amazonaws.com/297_1634364624_8cef8ac0c688164c7cd9dee24cb5d912.jpg
107,小熊酒店,https://c25-frd-bucket.s3.ap-southeast-1.amazonaws.com/297_1634364630_30d75ce9fd0074836c5afbe3941de60a.jpg
107,小熊酒店,https://c25-frd-bucket.s3.ap-southeast-1.amazonaws.com/297_1634364637_f9f8ca9940ae47b5b3b13ce7601f3fc4.jpg
107,小熊酒店,https://c25-frd-bucket.s3.ap-southeast-1.amazonaws.com/297_1634364644_cd1c68f886d8747bec75dc2a660d3ed7.jpg
107,小熊酒店,https://c25-frd-bucket.s3.ap-southeast-1.amazonaws.com/297_1634364654_7ef041d988ad2b1a8e91cae0dbea1ac5.jpg
107,小熊酒店,https://c25-frd-bucket.s3.ap-southeast-1.amazonaws.com/297_1634364664_8b825f54f89410b05071d38595fb53f8.jpg
107,小熊酒店,https://c25-frd-bucket.s3.ap-southeast-1.amazonaws.com/297_1634364674_afd80683beba234d085c9b03729363ff.jpg
108,新金碧賓館,https://c25-frd-bucket.s3.ap-southeast-1.amazonaws.com/1632808006_d2b8806904353d338818abf9f14ea60c.jpg
108,新金碧賓館,https://c25-frd-bucket.s3.ap-southeast-1.amazonaws.com/235_1632808019_6a957a6492d4e09ca98971d33c199c64.jpg
108,新金碧賓館,https://c25-frd-bucket.s3.ap-southeast-1.amazonaws.com/235_1632808025_0a02138a0221cafa540e02717cc8683c.jpg
108,新金碧賓館,https://c25-frd-bucket.s3.ap-southeast-1.amazonaws.com/235_1632808042_39ed8641388b59907bc6edc431df9c3c.jpg
108,新金碧賓館,https://c25-frd-bucket.s3.ap-southeast-1.amazonaws.com/235_1632808051_18786d168770694c4afacca6b33d2773.jpg
108,新金碧賓館,https://c25-frd-bucket.s3.ap-southeast-1.amazonaws.com/235_1632808061_d0d4114bd46e75afac0fc3fd85273479.jpg
108,新金碧賓館,https://c25-frd-bucket.s3.ap-southeast-1.amazonaws.com/235_1632808069_f36beedc755133d7fe23c6dc110412eb.jpg
108,新金碧賓館,https://c25-frd-bucket.s3.ap-southeast-1.amazonaws.com/235_1632808076_8fea8d987d50b1f2aa608d7acc210be6.jpg
108,新金碧賓館,https://c25-frd-bucket.s3.ap-southeast-1.amazonaws.com/235_1632808086_42a7c665852a8e82a5d4dc57e048cb9c.jpg
108,新金碧賓館,https://c25-frd-bucket.s3.ap-southeast-1.amazonaws.com/235_1632808242_b25da332635e5258e328bf82785c9c25.jpg
108,新金碧賓館,https://c25-frd-bucket.s3.ap-southeast-1.amazonaws.com/235_1633044542_4d42e467b6e1511eebbf4a456cd46a7b.jpeg
108,新金碧賓館,https://c25-frd-bucket.s3.ap-southeast-1.amazonaws.com/235_1633044556_ef3661765cedf08ff6a93529e1310417.jpeg
109,巴黎賓館,https://c25-frd-bucket.s3.ap-southeast-1.amazonaws.com/1632811842_f9e8342cb9a465af333fbb6545ad819a.jpg
109,巴黎賓館,https://c25-frd-bucket.s3.ap-southeast-1.amazonaws.com/237_1632812128_940ce2b9e840ca9560a1738017ef60dc.jpg
109,巴黎賓館,https://c25-frd-bucket.s3.ap-southeast-1.amazonaws.com/237_1632885127_7a1d96720094f6b3cdec44b7d4bff342.jpg
110,金巴利酒店,https://c25-frd-bucket.s3.ap-southeast-1.amazonaws.com/1632722177_b74d5f68dcb94944fc2b8976034d6c1f.jpg
111,荃旅店,https://c25-frd-bucket.s3.ap-southeast-1.amazonaws.com/1681541652_a87ff679a2f3e71d9181a67b7542122c.jpg
111,荃旅店,https://c25-frd-bucket.s3.ap-southeast-1.amazonaws.com/1681541652_7d01fdaab8166ba29a998d1ed3772331.jpg
111,荃旅店,https://c25-frd-bucket.s3.ap-southeast-1.amazonaws.com/1681541653_62d63a75c2ff6b9f7b3949c874a04db4.jpg
111,荃旅店,https://c25-frd-bucket.s3.ap-southeast-1.amazonaws.com/1681541653_cdf116aef3b12b9efdeaf9b049c52583.jpg
111,荃旅店,https://c25-frd-bucket.s3.ap-southeast-1.amazonaws.com/1681541653_00d51ce1908992ebf52763985cc9caed.jpg
111,荃旅店,https://c25-frd-bucket.s3.ap-southeast-1.amazonaws.com/1681541653_bc08f05cc0b8c4c39c528f753d9f3183.jpg
111,荃旅店,https://c25-frd-bucket.s3.ap-southeast-1.amazonaws.com/1681541653_d9ccb7ea13dcc3e17bba8e77465582b0.jpg
111,荃旅店,https://c25-frd-bucket.s3.ap-southeast-1.amazonaws.com/1681541653_ad9e11059eb30d4a86452b6773a2f973.jpg
112,龍湖賓館,https://c25-frd-bucket.s3.ap-southeast-1.amazonaws.com/1632899751_abbcad2596d57e82ebeb76c6c1f94b13.jpg
113,大埔酒店,https://c25-frd-bucket.s3.ap-southeast-1.amazonaws.com/1632892106_fe8f47f6753d7991b36644a9937db81f.jpg
113,大埔酒店,https://c25-frd-bucket.s3.ap-southeast-1.amazonaws.com/210_1632892132_719c62e7eafec2e2dc75cc8b1341c035.jpg
113,大埔酒店,https://c25-frd-bucket.s3.ap-southeast-1.amazonaws.com/210_1632892149_581d5e137d20471a068add80214647bf.jpg
113,大埔酒店,https://c25-frd-bucket.s3.ap-southeast-1.amazonaws.com/210_1632892166_f6f464eae583ca074887996bd33448de.jpg
113,大埔酒店,https://c25-frd-bucket.s3.ap-southeast-1.amazonaws.com/210_1632892241_2ce2fdfd906e4acb86adad29a187301b.jpg
114,維記 - 灣仔,https://c25-frd-bucket.s3.ap-southeast-1.amazonaws.com/1631867698_c8c13588e63571ca37ddfafda99b9a9f.png
114,維記 - 灣仔,https://c25-frd-bucket.s3.ap-southeast-1.amazonaws.com/230_1631867789_6a4376afbe3b422054b89547acab3d5e.jpg
114,維記 - 灣仔,https://c25-frd-bucket.s3.ap-southeast-1.amazonaws.com/230_1631867735_596309b9feba20cd47ab2ab4243ea658.jpg
114,維記 - 灣仔,https://c25-frd-bucket.s3.ap-southeast-1.amazonaws.com/230_1631867746_55816504ff16143afc7a34b92027ae51.jpg
114,維記 - 灣仔,https://c25-frd-bucket.s3.ap-southeast-1.amazonaws.com/230_1631867754_f31e1eef20f64733a18c538073e78396.jpg
114,維記 - 灣仔,https://c25-frd-bucket.s3.ap-southeast-1.amazonaws.com/230_1631867762_4af52202f77beb11ba59ce2056aa7878.jpg
115,金星賓館,https://c25-frd-bucket.s3.ap-southeast-1.amazonaws.com/1633679889_3f01cf77c37eb8f051f54c9903d21f52.jpg
115,金星賓館,https://c25-frd-bucket.s3.ap-southeast-1.amazonaws.com/285_1633679697_387795c86765346eca0c041bac00348b.jpg
115,金星賓館,https://c25-frd-bucket.s3.ap-southeast-1.amazonaws.com/285_1633679703_7243d3c1f5ac78f7b4e4ba2c3606e64b.jpg
115,金星賓館,https://c25-frd-bucket.s3.ap-southeast-1.amazonaws.com/285_1633679711_6d338b8c41c717c4336ad0084a80dca4.jpg
115,金星賓館,https://c25-frd-bucket.s3.ap-southeast-1.amazonaws.com/285_1633679823_982b3b4109cce5d4e5bf1fcbe0ae259b.jpg
115,金星賓館,https://c25-frd-bucket.s3.ap-southeast-1.amazonaws.com/285_1633679835_d40ae43e30c7cb55513c33b72e9efb37.jpg
115,金星賓館,https://c25-frd-bucket.s3.ap-southeast-1.amazonaws.com/285_1633679842_d3a38f74e6c78f0ed42538ab480d9862.jpg
115,金星賓館,https://c25-frd-bucket.s3.ap-southeast-1.amazonaws.com/285_1633679852_dbc0d0ee8b90d13d52421bfdbbc3a437.jpg
115,金星賓館,https://c25-frd-bucket.s3.ap-southeast-1.amazonaws.com/285_1633679861_a51266245a929b2730d78b40fe24a6ed.jpg
115,金星賓館,https://c25-frd-bucket.s3.ap-southeast-1.amazonaws.com/285_1633679871_c836c8de87e11a55e10657aea8adc9c1.jpg
116,麟源賓館 / 金泰(時鐘)酒店,https://c25-frd-bucket.s3.ap-southeast-1.amazonaws.com/1633684256_967391e191819e4fff7c2bd69762d723.jpg
116,麟源賓館 / 金泰(時鐘)酒店,https://c25-frd-bucket.s3.ap-southeast-1.amazonaws.com/289_1633684308_11a8c948c537448b34c26ab6a25edbb4.jpg
116,麟源賓館 / 金泰(時鐘)酒店,https://c25-frd-bucket.s3.ap-southeast-1.amazonaws.com/289_1633684552_17ed8fdeb166b41dfcdfe9f6a9b97c9f.jpg
116,麟源賓館 / 金泰(時鐘)酒店,https://c25-frd-bucket.s3.ap-southeast-1.amazonaws.com/289_1633684481_4b981fb415c6b8510ccc4e181392f3fe.jpg
116,麟源賓館 / 金泰(時鐘)酒店,https://c25-frd-bucket.s3.ap-southeast-1.amazonaws.com/289_1633684490_76b58cb9ef1a2b9ea552f44e89603761.jpg
117,佳人別墅,https://c25-frd-bucket.s3.ap-southeast-1.amazonaws.com/1634980835_57dccc947c8d8510bb45e1f8aa2be022.jpeg
117,佳人別墅,https://c25-frd-bucket.s3.ap-southeast-1.amazonaws.com/322_1634980855_48eeff3333ea246bdb94bec82f1fc50d.jpg
117,佳人別墅,https://c25-frd-bucket.s3.ap-southeast-1.amazonaws.com/322_1634980864_14f50ee6b6e6fd202ac1a6f8af736b1b.jpg
118,根德小築,https://c25-frd-bucket.s3.ap-southeast-1.amazonaws.com/1633495008_4af52202f77beb11ba59ce2056aa7878.jpg
118,根德小築,https://c25-frd-bucket.s3.ap-southeast-1.amazonaws.com/257_1633495026_459cf27576ecea99535b4d5f98bfb0cf.jpg
118,根德小築,https://c25-frd-bucket.s3.ap-southeast-1.amazonaws.com/257_1633495035_8ea81de9e36a6a39d54a6313f3240170.jpg
119,高雅賓館,https://c25-frd-bucket.s3.ap-southeast-1.amazonaws.com/1633664035_13351014d79f2da5c6853029bc6247e8.jpg
119,高雅賓館,https://c25-frd-bucket.s3.ap-southeast-1.amazonaws.com/276_1633664372_a4840477356392172ba12bfcfb0ee80f.jpg
120,梅瑰園小築,https://c25-frd-bucket.s3.ap-southeast-1.amazonaws.com/1633683141_64ff5304ebf5c00cf738f490a3092ef6.jpg
120,梅瑰園小築,https://c25-frd-bucket.s3.ap-southeast-1.amazonaws.com/288_1633683151_e54fa917025148600c050777cf003c33.jpeg
120,梅瑰園小築,https://c25-frd-bucket.s3.ap-southeast-1.amazonaws.com/288_1633683162_13d659d8016995ce62a67408d1f62414.jpg
121,翡翠別墅,https://c25-frd-bucket.s3.ap-southeast-1.amazonaws.com/1633505677_457669ffddfcf0bbfb5256865f4cadef.jpg
121,翡翠別墅,https://c25-frd-bucket.s3.ap-southeast-1.amazonaws.com/264_1633505693_6a2bd8e34a132e693291dc8a2be0ba2c.jpg
121,翡翠別墅,https://c25-frd-bucket.s3.ap-southeast-1.amazonaws.com/264_1633505701_299fc60e8196dd9cfe0d918fa37d4016.jpg
121,翡翠別墅,https://c25-frd-bucket.s3.ap-southeast-1.amazonaws.com/264_1633505708_065e182ce9954508576ee732e080c900.jpg
121,翡翠別墅,https://c25-frd-bucket.s3.ap-southeast-1.amazonaws.com/264_1633505881_c401e30e68ca5ee5a10424fb3d1e6490.jpg
121,翡翠別墅,https://c25-frd-bucket.s3.ap-southeast-1.amazonaws.com/264_1633505888_405d6ea90e13d0d0c858c69bea2360f7.jpg
121,翡翠別墅,https://c25-frd-bucket.s3.ap-southeast-1.amazonaws.com/264_1633505894_4c561c5bbfec2d6a196ac8ef72c2ac9a.jpg
121,翡翠別墅,https://c25-frd-bucket.s3.ap-southeast-1.amazonaws.com/264_1633505902_78ba649d5a3394bf325bf9c75c3d2a27.jpg
121,翡翠別墅,https://c25-frd-bucket.s3.ap-southeast-1.amazonaws.com/264_1633505909_708d4b4354fd757ba238ee4dd2f4f4fb.jpg
122,甜心時鐘酒店,https://c25-frd-bucket.s3.ap-southeast-1.amazonaws.com/1633509762_0d7915092360ed7533e931c6ed5f4f79.jpg
122,甜心時鐘酒店,https://c25-frd-bucket.s3.ap-southeast-1.amazonaws.com/268_1633509777_e35415b752bb4ec1d1aa419b8235c91b.jpg
122,甜心時鐘酒店,https://c25-frd-bucket.s3.ap-southeast-1.amazonaws.com/268_1633509798_3b646c443ca6fd424ed5f8fabd2454f4.jpg
122,甜心時鐘酒店,https://c25-frd-bucket.s3.ap-southeast-1.amazonaws.com/268_1633509807_f8155b0d675d2498e7cfa9bfe5b08e61.jpg
122,甜心時鐘酒店,https://c25-frd-bucket.s3.ap-southeast-1.amazonaws.com/268_1633509815_1939e81e0cf42898a67ed388f33ba5d0.jpg
122,甜心時鐘酒店,https://c25-frd-bucket.s3.ap-southeast-1.amazonaws.com/268_1633581462_21daffb6bca1835ee471f123560563c8.jpeg
122,甜心時鐘酒店,https://c25-frd-bucket.s3.ap-southeast-1.amazonaws.com/268_1633581472_7915ce79bca80dc8958e568aa146385b.jpeg
122,甜心時鐘酒店,https://c25-frd-bucket.s3.ap-southeast-1.amazonaws.com/268_1633581480_e80ca6c0445043835ecb98b4fa96d698.jpeg
122,甜心時鐘酒店,https://c25-frd-bucket.s3.ap-southeast-1.amazonaws.com/268_1633581490_15a625e274ae93eec4839a0b71104977.jpeg
122,甜心時鐘酒店,https://c25-frd-bucket.s3.ap-southeast-1.amazonaws.com/268_1668651669_9da6f999c9b95b3759cd2f1ebdc63980.jpg
122,甜心時鐘酒店,https://c25-frd-bucket.s3.ap-southeast-1.amazonaws.com/268_1633581532_2c7b9df1b25ddc80fd0d4bbe9d203cfa.jpeg
122,甜心時鐘酒店,https://c25-frd-bucket.s3.ap-southeast-1.amazonaws.com/268_1633581512_68e0eed18f39d09b8e21057a73563021.jpeg
123,中港酒店,https://c25-frd-bucket.s3.ap-southeast-1.amazonaws.com/1633423512_53293415bfb444892d3d08fc39282859.jpg
123,中港酒店,https://c25-frd-bucket.s3.ap-southeast-1.amazonaws.com/254_1633423523_e46d4ab601c5b14a10b91a806c9ec106.jpg
123,中港酒店,https://c25-frd-bucket.s3.ap-southeast-1.amazonaws.com/254_1633423531_2c9d33627676f4f5622640119915cfca.jpg
123,中港酒店,https://c25-frd-bucket.s3.ap-southeast-1.amazonaws.com/254_1633423537_444dca8cd8a64c1b68d94bf55ac83b0c.jpg
123,中港酒店,https://c25-frd-bucket.s3.ap-southeast-1.amazonaws.com/254_1633423546_34e9da0b8075254d701710174300cf15.jpg
123,中港酒店,https://c25-frd-bucket.s3.ap-southeast-1.amazonaws.com/254_1633423555_8ba0e0fbd85ff9ba46e8fb22f22e6b56.jpg
123,中港酒店,https://c25-frd-bucket.s3.ap-southeast-1.amazonaws.com/254_1633423562_9ee71625417a608eec27644d33a7cd67.jpg
123,中港酒店,https://c25-frd-bucket.s3.ap-southeast-1.amazonaws.com/254_1633423570_ebd9a5b9d46565dab0efb9fd1b488187.jpg
123,中港酒店,https://c25-frd-bucket.s3.ap-southeast-1.amazonaws.com/254_1633423579_1c0396692a5df32015638e36b3c5012a.jpg
123,中港酒店,https://c25-frd-bucket.s3.ap-southeast-1.amazonaws.com/254_1633423586_0fd675f83efea7147d1a3457a9f23867.jpg
123,中港酒店,https://c25-frd-bucket.s3.ap-southeast-1.amazonaws.com/254_1633423593_61cba13c02a7c4fb3a9cde6a82c845a8.jpg
124,百合酒店,https://c25-frd-bucket.s3.ap-southeast-1.amazonaws.com/1634885378_60444c7d224f174c3a749496b5f6a6d6.jfif
124,百合酒店,https://c25-frd-bucket.s3.ap-southeast-1.amazonaws.com/308_1634885399_23db35fafeb019b714cdce0a5f047726.jfif
124,百合酒店,https://c25-frd-bucket.s3.ap-southeast-1.amazonaws.com/308_1634885408_2451d9f161bf39c22141e91008edb9d8.jfif
124,百合酒店,https://c25-frd-bucket.s3.ap-southeast-1.amazonaws.com/308_1634885418_e8d1f6f34f54fdac7a5b3e67c091303d.jfif
124,百合酒店,https://c25-frd-bucket.s3.ap-southeast-1.amazonaws.com/308_1634885428_e4bb5baa7659ab5a6b60dca5a8f19f69.jfif
124,百合酒店,https://c25-frd-bucket.s3.ap-southeast-1.amazonaws.com/308_1634885439_27f4195f460c5b4ae2c5162b50479851.jfif
124,百合酒店,https://c25-frd-bucket.s3.ap-southeast-1.amazonaws.com/308_1634885453_3d73be424b0f698bba441b4b3bf09bd8.jfif
124,百合酒店,https://c25-frd-bucket.s3.ap-southeast-1.amazonaws.com/308_1634885463_ef5d746084b9943722db943863cd5393.jfif
124,百合酒店,https://c25-frd-bucket.s3.ap-southeast-1.amazonaws.com/308_1634885477_4fcceed2323d36927c922daca938c212.jfif
124,百合酒店,https://c25-frd-bucket.s3.ap-southeast-1.amazonaws.com/308_1634885487_e5f32f3c1be41f17fd3b8a8aa6839723.jfif
124,百合酒店,https://c25-frd-bucket.s3.ap-southeast-1.amazonaws.com/308_1634885497_12c2596137d9b52efb762a6ee5735c0c.jfif
125,積寓Jedinn,https://c25-frd-bucket.s3.ap-southeast-1.amazonaws.com/1668054553_769424d822afef2b70b17af4f8408b50.jpg
125,積寓Jedinn,https://c25-frd-bucket.s3.ap-southeast-1.amazonaws.com/343_1667982781_7437b748050c4d85f4384fccfacc1173.jpg
125,積寓Jedinn,https://c25-frd-bucket.s3.ap-southeast-1.amazonaws.com/343_1667982786_5dce2773b2d07dd84144986d07f57e33.jpg
125,積寓Jedinn,https://c25-frd-bucket.s3.ap-southeast-1.amazonaws.com/343_1667982793_6559b6e19e9ae8cd74001c2ace14526e.jpg
125,積寓Jedinn,https://c25-frd-bucket.s3.ap-southeast-1.amazonaws.com/343_1667982799_6abd797998a44d3fa82b29626b90b3a6.jpg
125,積寓Jedinn,https://c25-frd-bucket.s3.ap-southeast-1.amazonaws.com/343_1667982807_326d737691794f8c35fd613cff25f459.jpg
125,積寓Jedinn,https://c25-frd-bucket.s3.ap-southeast-1.amazonaws.com/343_1668054568_d98bc0ee16e2abc9a49c2720bb61fd9f.jpg
125,積寓Jedinn,https://c25-frd-bucket.s3.ap-southeast-1.amazonaws.com/343_1667982822_9f4a386ed2efc5952c0d1b5d460fb48c.jpg
125,積寓Jedinn,https://c25-frd-bucket.s3.ap-southeast-1.amazonaws.com/343_1667982827_5010ab214629ad64e11108874e11ea7a.jpg
125,積寓Jedinn,https://c25-frd-bucket.s3.ap-southeast-1.amazonaws.com/343_1667982834_56400cfc1fc0b47a4b538e02541ffd83.jpg
125,積寓Jedinn,https://c25-frd-bucket.s3.ap-southeast-1.amazonaws.com/343_1667982840_6bc6a9210d476d1d1a9c2890b68880b2.jpg
126,皇都小築,https://c25-frd-bucket.s3.ap-southeast-1.amazonaws.com/1632820297_dd6cac15b72166227ee2a809ae3c527c.jpg
126,皇都小築,https://c25-frd-bucket.s3.ap-southeast-1.amazonaws.com/215_1632820320_dbb7edd5f600426e1acf9ff1f4ca2cc7.jpg
126,皇都小築,https://c25-frd-bucket.s3.ap-southeast-1.amazonaws.com/215_1666927410_78805a221a988e79ef3f42d7c5bfd418.jpg
127,陶庭酒店,https://c25-frd-bucket.s3.ap-southeast-1.amazonaws.com/1631855489_c0446cb7882d6352130eeeea1aee732f.jpg
127,陶庭酒店,https://c25-frd-bucket.s3.ap-southeast-1.amazonaws.com/231_1631855506_4a46059ba66cec69ce16f475abbb0028.jpg
127,陶庭酒店,https://c25-frd-bucket.s3.ap-southeast-1.amazonaws.com/231_1631855514_59179198010a3c4662ea1670a5abf27e.jpeg
127,陶庭酒店,https://c25-frd-bucket.s3.ap-southeast-1.amazonaws.com/231_1631855523_b9aacf21da709fb86745688c50494d5f.jpg
127,陶庭酒店,https://c25-frd-bucket.s3.ap-southeast-1.amazonaws.com/231_1631855534_a4d961c74517fa4910d38815ae535f53.jpg
127,陶庭酒店,https://c25-frd-bucket.s3.ap-southeast-1.amazonaws.com/231_1631855542_d8b1d2b5bf93f380a8931148cd2d215a.jpg
127,陶庭酒店,https://c25-frd-bucket.s3.ap-southeast-1.amazonaws.com/231_1631866937_85782597aac96403bdb607c079b2d27b.jpg
127,陶庭酒店,https://c25-frd-bucket.s3.ap-southeast-1.amazonaws.com/231_1631855558_46c509f6d9ab1552012034ea7bfa9537.jpg
127,陶庭酒店,https://c25-frd-bucket.s3.ap-southeast-1.amazonaws.com/231_1631855567_92762c5a7040750de811f04889e5a89c.jpg
127,陶庭酒店,https://c25-frd-bucket.s3.ap-southeast-1.amazonaws.com/231_1631855574_4e43a42a81cfc6576cd8a1f787844e35.jpg
128,雲浦酒店,https://c25-frd-bucket.s3.ap-southeast-1.amazonaws.com/1633334878_8a51b15a441b9368fc8731940bc6c622.jpg
128,雲浦酒店,https://c25-frd-bucket.s3.ap-southeast-1.amazonaws.com/205_1633334892_66bf4b92676574ecd8e47212160def39.jpg
128,雲浦酒店,https://c25-frd-bucket.s3.ap-southeast-1.amazonaws.com/205_1633334908_6048756ea6c1cf18a8b01a85b1e3363a.jpg
128,雲浦酒店,https://c25-frd-bucket.s3.ap-southeast-1.amazonaws.com/205_1633334914_9ed008321ed4f34aac62d0ff06c10d5b.jpg
128,雲浦酒店,https://c25-frd-bucket.s3.ap-southeast-1.amazonaws.com/205_1633334923_b092a81c736d62c5c3299e6da1c81a63.jpg
128,雲浦酒店,https://c25-frd-bucket.s3.ap-southeast-1.amazonaws.com/205_1633334935_58ffa9a7eb5e984312feb44adc40abee.jpg
128,雲浦酒店,https://c25-frd-bucket.s3.ap-southeast-1.amazonaws.com/205_1633334944_4b1e45d0b18c7ba35e3f61ccc91f2de8.jpg
128,雲浦酒店,https://c25-frd-bucket.s3.ap-southeast-1.amazonaws.com/205_1633334951_d41d8ced5e1134065ead142dc2977a91.jpg
129,京都小築,https://c25-frd-bucket.s3.ap-southeast-1.amazonaws.com/1632886963_7788ddb1aa819c8881f57f89c9e77c4d.png
129,京都小築,https://c25-frd-bucket.s3.ap-southeast-1.amazonaws.com/212_1632886982_19853564376aacd9dc2810567aabcd07.png
130,名都酒店,https://c25-frd-bucket.s3.ap-southeast-1.amazonaws.com/1632818092_4af52202f77beb11ba59ce2056aa7878.jpg
130,名都酒店,https://c25-frd-bucket.s3.ap-southeast-1.amazonaws.com/217_1632818101_11dd0f2646bccf1a1bab9ca3f21a56b9.jpg
131,炮台山7號酒店,https://c25-frd-bucket.s3.ap-southeast-1.amazonaws.com/1657172002_f9e048bf67d5d5cdaa66020ed78421c7.jpg
131,炮台山7號酒店,https://c25-frd-bucket.s3.ap-southeast-1.amazonaws.com/252_1657172017_f534ec98005d82283fe626917613ecef.jpg
131,炮台山7號酒店,https://c25-frd-bucket.s3.ap-southeast-1.amazonaws.com/252_1633422391_d21a23ddcaa006306e0a796938b6a663.jpg
131,炮台山7號酒店,https://c25-frd-bucket.s3.ap-southeast-1.amazonaws.com/252_1633422402_552bc0859841a02c997dcb4bb013dffe.jpg
131,炮台山7號酒店,https://c25-frd-bucket.s3.ap-southeast-1.amazonaws.com/252_1633422410_4804c360aea23b1b255a9f8fc4c15538.jpg
131,炮台山7號酒店,https://c25-frd-bucket.s3.ap-southeast-1.amazonaws.com/252_1633422417_6beb269d083eeca6c0cbd6c3819a8f9e.jpg
132,ROOMIE@尖沙咀,https://c25-frd-bucket.s3.ap-southeast-1.amazonaws.com/1634368307_ede96c2bcca61c4d3b673342eb7998f3.jpg
132,ROOMIE@尖沙咀,https://c25-frd-bucket.s3.ap-southeast-1.amazonaws.com/298_1634368324_41686f6ec54b4e1d5223e65afab6de63.jpg
132,ROOMIE@尖沙咀,https://c25-frd-bucket.s3.ap-southeast-1.amazonaws.com/298_1634368329_beb7f718643cfdd01d1b9a829f6e6c2f.jpg
132,ROOMIE@尖沙咀,https://c25-frd-bucket.s3.ap-southeast-1.amazonaws.com/298_1634368337_5b05726389b27d654e3492bb7eac1737.jpg
132,ROOMIE@尖沙咀,https://c25-frd-bucket.s3.ap-southeast-1.amazonaws.com/298_1634368342_64aef8eae76574492682a3f2113ab2ed.jpg
132,ROOMIE@尖沙咀,https://c25-frd-bucket.s3.ap-southeast-1.amazonaws.com/298_1634368349_490eb459b8926a2aaa406f9bcd347c0c.jpg
132,ROOMIE@尖沙咀,https://c25-frd-bucket.s3.ap-southeast-1.amazonaws.com/298_1634368355_0fcb0bd1d45799a34b194bbe8b1fb3e8.jpg
132,ROOMIE@尖沙咀,https://c25-frd-bucket.s3.ap-southeast-1.amazonaws.com/298_1634368365_fc9609b85436c33aadc7016922b8e697.jpg
132,ROOMIE@尖沙咀,https://c25-frd-bucket.s3.ap-southeast-1.amazonaws.com/298_1634369079_490eb459b8926a2aaa406f9bcd347c0c.jpg
132,ROOMIE@尖沙咀,https://c25-frd-bucket.s3.ap-southeast-1.amazonaws.com/298_1634368377_a7adf8e5d85d32a164a06d7059df1222.jpg
133,新金莎酒店,https://c25-frd-bucket.s3.ap-southeast-1.amazonaws.com/1634283534_75d86477de0c8825defba90fe1322ac6.jpg
133,新金莎酒店,https://c25-frd-bucket.s3.ap-southeast-1.amazonaws.com/291_1634283559_1e790a43ad4f213d21c1f245d4374206.jpg
133,新金莎酒店,https://c25-frd-bucket.s3.ap-southeast-1.amazonaws.com/291_1634283566_e83b5b3e1b109109ce303f891cc150f4.jpg
133,新金莎酒店,https://c25-frd-bucket.s3.ap-southeast-1.amazonaws.com/291_1634283573_21eab9187b9395129de762d49766fc31.jpg
133,新金莎酒店,https://c25-frd-bucket.s3.ap-southeast-1.amazonaws.com/291_1634283579_16219004fcbd21f64850b50fa23f6408.jpg
133,新金莎酒店,https://c25-frd-bucket.s3.ap-southeast-1.amazonaws.com/291_1634283593_d8fb8bd72d1674d9452ae2961409c420.jpg
134,聖地,https://c25-frd-bucket.s3.ap-southeast-1.amazonaws.com/1634357450_8a1b13b814d39aefdbb83f9bbece8ab6.jpg
134,聖地,https://c25-frd-bucket.s3.ap-southeast-1.amazonaws.com/295_1634357463_143d31ded207f69143291149da73fd70.jpg
134,聖地,https://c25-frd-bucket.s3.ap-southeast-1.amazonaws.com/295_1634357469_eefa3a5d30a85c9eaa9b08555ea2b221.jpg
134,聖地,https://c25-frd-bucket.s3.ap-southeast-1.amazonaws.com/295_1634357476_5ebdecebd59075d274cd9b1730cdf383.jpg
134,聖地,https://c25-frd-bucket.s3.ap-southeast-1.amazonaws.com/295_1634357484_6b274d9b1581e6460a1cb77716db51b6.jpg
134,聖地,https://c25-frd-bucket.s3.ap-southeast-1.amazonaws.com/295_1634357492_a2e0232f27cf6e708ad00827399ce7a8.jpg
134,聖地,https://c25-frd-bucket.s3.ap-southeast-1.amazonaws.com/295_1634357499_137a32934359ad159f92e5f2393f1e13.jpg
134,聖地,https://c25-frd-bucket.s3.ap-southeast-1.amazonaws.com/295_1634357508_207d728fb47c85687cf2cace128bceaf.jpg
134,聖地,https://c25-frd-bucket.s3.ap-southeast-1.amazonaws.com/295_1634357514_894bed7d0560750447afeb51affb449f.jpg
134,聖地,https://c25-frd-bucket.s3.ap-southeast-1.amazonaws.com/295_1634357520_fa778492339b2690ae71c664e72d7d1c.jpg
135,高爾時租酒店,https://c25-frd-bucket.s3.ap-southeast-1.amazonaws.com/1634543584_fff53b2cdf61d48acc48871a541c15cb.jpg
135,高爾時租酒店,https://c25-frd-bucket.s3.ap-southeast-1.amazonaws.com/302_1634543597_4abb8200c01e605f5ca451d00ad06885.jpg
135,高爾時租酒店,https://c25-frd-bucket.s3.ap-southeast-1.amazonaws.com/302_1634543603_7db1f91005fda3c358c039c41e307300.jpg
135,高爾時租酒店,https://c25-frd-bucket.s3.ap-southeast-1.amazonaws.com/302_1634543609_47f38b8e59d5ca5c89ad6c97e0999ed1.jpg
135,高爾時租酒店,https://c25-frd-bucket.s3.ap-southeast-1.amazonaws.com/302_1634543616_6ba6b3194fbb3630d685463d45097179.jpg
135,高爾時租酒店,https://c25-frd-bucket.s3.ap-southeast-1.amazonaws.com/302_1634543622_79c66ab07c87b3164c2995073afb3fbc.jpg
135,高爾時租酒店,https://c25-frd-bucket.s3.ap-southeast-1.amazonaws.com/302_1634543631_75583f2c0e2f4827e92f1c9604dcb9e9.jpg
135,高爾時租酒店,https://c25-frd-bucket.s3.ap-southeast-1.amazonaws.com/302_1634543636_75583f2c0e2f4827e92f1c9604dcb9e9.jpg
135,高爾時租酒店,https://c25-frd-bucket.s3.ap-southeast-1.amazonaws.com/302_1634543645_d77bfeaf631ba520957e74938d34f0ba.jpg
135,高爾時租酒店,https://c25-frd-bucket.s3.ap-southeast-1.amazonaws.com/302_1634543651_22ebd09dfe964622f81b003d7b97d098.jpg
135,高爾時租酒店,https://c25-frd-bucket.s3.ap-southeast-1.amazonaws.com/302_1634543765_b5fadeac18c2ba8a68b7d19fa986a698.jpg
136,Sober Hotel Mong Kok,https://c25-frd-bucket.s3.ap-southeast-1.amazonaws.com/1668054623_880c366c75a15fb420bd0a0d781383c1.jpg
136,Sober Hotel Mong Kok,https://c25-frd-bucket.s3.ap-southeast-1.amazonaws.com/341_1667968525_bb87e9f26891a2313d7408ef78f5f7e0.jpg
136,Sober Hotel Mong Kok,https://c25-frd-bucket.s3.ap-southeast-1.amazonaws.com/341_1667968532_af2ae8fdb98e5202f942002724826533.jpg
136,Sober Hotel Mong Kok,https://c25-frd-bucket.s3.ap-southeast-1.amazonaws.com/341_1667968539_373927b47cf9dc00c241ace422fdc755.jpg
136,Sober Hotel Mong Kok,https://c25-frd-bucket.s3.ap-southeast-1.amazonaws.com/341_1667968547_408020a0160cc562cc03170c3c6fbe0a.jpg
136,Sober Hotel Mong Kok,https://c25-frd-bucket.s3.ap-southeast-1.amazonaws.com/341_1667968553_0ccdb3ae6aa3b0f189e19b247df4de41.jpg
136,Sober Hotel Mong Kok,https://c25-frd-bucket.s3.ap-southeast-1.amazonaws.com/341_1667968561_0ccdb3ae6aa3b0f189e19b247df4de41.jpg
136,Sober Hotel Mong Kok,https://c25-frd-bucket.s3.ap-southeast-1.amazonaws.com/341_1667968567_f547927ebfe4babf0a2a41afdc4b7066.jpg
136,Sober Hotel Mong Kok,https://c25-frd-bucket.s3.ap-southeast-1.amazonaws.com/341_1667968573_323b0e68024aa941324531c7acfe1b73.jpg
136,Sober Hotel Mong Kok,https://c25-frd-bucket.s3.ap-southeast-1.amazonaws.com/341_1667968579_12e64c31d0dbd8b81409197edeb341f0.jpg
136,Sober Hotel Mong Kok,https://c25-frd-bucket.s3.ap-southeast-1.amazonaws.com/341_1667968584_b080582b610d17c4fd6f32b114b4809f.jpg
136,Sober Hotel Mong Kok,https://c25-frd-bucket.s3.ap-southeast-1.amazonaws.com/341_1667968590_b0cb5ed80f1bee49057f029524017636.jpg
136,Sober Hotel Mong Kok,https://c25-frd-bucket.s3.ap-southeast-1.amazonaws.com/341_1668054635_20efa9f039c388eb3294253e40d0693b.jpg
137,陽光酒店,https://c25-frd-bucket.s3.ap-southeast-1.amazonaws.com/1633336071_62581eb366f46d76b7a1e6fdb5c1cc82.jpg
137,陽光酒店,https://c25-frd-bucket.s3.ap-southeast-1.amazonaws.com/207_1633336081_0c9e9df715b264c8a090d40ad09fc33c.jpg
137,陽光酒店,https://c25-frd-bucket.s3.ap-southeast-1.amazonaws.com/207_1633336088_253da29c9dd6620d3cb69b13b584c4f5.jpg
137,陽光酒店,https://c25-frd-bucket.s3.ap-southeast-1.amazonaws.com/207_1633336097_f13896ee249248f7b6ef4f76ca327f1e.jpg
137,陽光酒店,https://c25-frd-bucket.s3.ap-southeast-1.amazonaws.com/207_1633336103_7b30b994e7c3842275a5e89eb90f4dbe.jpg
138,Roomie@Mongkok (新興大廈店),https://c25-frd-bucket.s3.ap-southeast-1.amazonaws.com/1683519799_0e03666082f44947a5178924a1f4f0ba.jpg
138,Roomie@Mongkok (新興大廈店),https://c25-frd-bucket.s3.ap-southeast-1.amazonaws.com/1683519799_b7809f36ceb748c706a4dd27fcd1b137.jpg
138,Roomie@Mongkok (新興大廈店),https://c25-frd-bucket.s3.ap-southeast-1.amazonaws.com/1683519800_0e1d03d0a200125f65f6200cfb6459fd.jpg
138,Roomie@Mongkok (新興大廈店),https://c25-frd-bucket.s3.ap-southeast-1.amazonaws.com/1683519800_5f96cd397d556c2b79410d959f98e7e9.jpg
138,Roomie@Mongkok (新興大廈店),https://c25-frd-bucket.s3.ap-southeast-1.amazonaws.com/1683519801_6ea78e38671273016cb724228bbee47b.jpg
139,幸福居,https://c25-frd-bucket.s3.ap-southeast-1.amazonaws.com/1667973559_c32eb7746238d6c0d6861cb6b3f6350a.jpg
139,幸福居,https://c25-frd-bucket.s3.ap-southeast-1.amazonaws.com/342_1667973693_51de93bbf2697514640f50dff992dbc5.jpg
139,幸福居,https://c25-frd-bucket.s3.ap-southeast-1.amazonaws.com/342_1667973698_3334b73637c10874d1d9d4a864d06e69.jpg
139,幸福居,https://c25-frd-bucket.s3.ap-southeast-1.amazonaws.com/342_1667973704_8da4b64d7e9444bb301fe2844dc837e8.jpg
139,幸福居,https://c25-frd-bucket.s3.ap-southeast-1.amazonaws.com/342_1667973712_b17dd694d8e29c2d9d997ddd1c9d8b20.jpg
139,幸福居,https://c25-frd-bucket.s3.ap-southeast-1.amazonaws.com/342_1667973719_4806491647c5118a8d2d0722ec750f9d.jpg
139,幸福居,https://c25-frd-bucket.s3.ap-southeast-1.amazonaws.com/342_1667973726_44d37aaeab44b0ff94f2cdd2beea84c6.jpg
139,幸福居,https://c25-frd-bucket.s3.ap-southeast-1.amazonaws.com/342_1667973734_4b58536590f9af6ec72d153e8fdd4d26.jpg
139,幸福居,https://c25-frd-bucket.s3.ap-southeast-1.amazonaws.com/342_1667973740_791bdd89aab236b6b40150acd96e1f6a.jpg
139,幸福居,https://c25-frd-bucket.s3.ap-southeast-1.amazonaws.com/342_1667973747_83b2b8c82ae8efa919e23cf4d7bfe447.jpg
140,日房居(時鐘酒店),https://c25-frd-bucket.s3.ap-southeast-1.amazonaws.com/1675356373_e0be87d7a484661cd59642c23f34596a.jpeg
140,日房居(時鐘酒店),https://c25-frd-bucket.s3.ap-southeast-1.amazonaws.com/1675356373_e7b664372d966b8331519ed375dab40f.jpeg
140,日房居(時鐘酒店),https://c25-frd-bucket.s3.ap-southeast-1.amazonaws.com/1675356374_647adc88bd5076134f3f94caa5a77bea.jpeg
140,日房居(時鐘酒店),https://c25-frd-bucket.s3.ap-southeast-1.amazonaws.com/1675356375_d2596346c8e38050f8130cd08d31fd73.jpeg
140,日房居(時鐘酒店),https://c25-frd-bucket.s3.ap-southeast-1.amazonaws.com/1675356375_285668a6d9fc74ec9c48ea723dac6882.jpeg
140,日房居(時鐘酒店),https://c25-frd-bucket.s3.ap-southeast-1.amazonaws.com/1675356376_4d4dc5ecc07f6267eff2bf5f879c6168.jpeg
141,偉帆軒,https://c25-frd-bucket.s3.ap-southeast-1.amazonaws.com/1654061560_bcd855ae6eb61161aa3ba15bd48ba294.jpg
141,偉帆軒,https://c25-frd-bucket.s3.ap-southeast-1.amazonaws.com/331_1668572357_5f93f983524def3dca464469d2cf9f3e.jpg
141,偉帆軒,https://c25-frd-bucket.s3.ap-southeast-1.amazonaws.com/331_1668571797_b07d5ab5ac09de28d967465f8625cdaa.jpg
141,偉帆軒,https://c25-frd-bucket.s3.ap-southeast-1.amazonaws.com/331_1666860102_69f968b7df5752e6ac7b3fb57c5cfbc5.jpg
141,偉帆軒,https://c25-frd-bucket.s3.ap-southeast-1.amazonaws.com/331_1666860121_a399a3aaf33d6713f429b9d59a3fd8b3.jpg
141,偉帆軒,https://c25-frd-bucket.s3.ap-southeast-1.amazonaws.com/1654061560_71fab13d0a17abd329c6c0e0f79615f4.jpg
141,偉帆軒,https://c25-frd-bucket.s3.ap-southeast-1.amazonaws.com/1654061560_6f2f29df1b0bff4c7a8b66fc4469bfa9.jpg
141,偉帆軒,https://c25-frd-bucket.s3.ap-southeast-1.amazonaws.com/331_1666860204_a80b97e821ae62e60ff3318b16a954fe.jpg
142,太子Cozi星光體驗館,https://c25-frd-bucket.s3.ap-southeast-1.amazonaws.com/1650942344_fd27baf1672cef22638193c4a7a9ea89.jpg
142,太子Cozi星光體驗館,https://c25-frd-bucket.s3.ap-southeast-1.amazonaws.com/329_1650942241_9be74dd40a5d7044d03cd7d141d346cf.jpg
142,太子Cozi星光體驗館,https://c25-frd-bucket.s3.ap-southeast-1.amazonaws.com/329_1650942400_257c523f3bf53cdf6fbbad49af869514.jpg
142,太子Cozi星光體驗館,https://c25-frd-bucket.s3.ap-southeast-1.amazonaws.com/329_1650942451_74a7d817125a3208d8dcee6cac3a6707.jpg
142,太子Cozi星光體驗館,https://c25-frd-bucket.s3.ap-southeast-1.amazonaws.com/329_1650942503_e102e4b66cfd4ae24650fb09ffaf743b.jpg
142,太子Cozi星光體驗館,https://c25-frd-bucket.s3.ap-southeast-1.amazonaws.com/329_1650942546_61e4df0cdc84206872d993309f62699a.jpg
142,太子Cozi星光體驗館,https://c25-frd-bucket.s3.ap-southeast-1.amazonaws.com/329_1650942609_f7a555ed4786630bd36a695b4f522ac4.jpg
142,太子Cozi星光體驗館,https://c25-frd-bucket.s3.ap-southeast-1.amazonaws.com/329_1650942647_028c958e482164797dea3e8fa3976e56.jpg
143,嘉湖實館,https://c25-frd-bucket.s3.ap-southeast-1.amazonaws.com/1668568690_ea5596f2b01a0d7015155a44ac598e91.jpeg
143,嘉湖實館,https://c25-frd-bucket.s3.ap-southeast-1.amazonaws.com/332_1659514817_30d8326d59e1ddba9b3151f55b48acda.jpg
143,嘉湖實館,https://c25-frd-bucket.s3.ap-southeast-1.amazonaws.com/332_1659514833_c84efa90389e099717ba03b902d72367.jpeg
143,嘉湖實館,https://c25-frd-bucket.s3.ap-southeast-1.amazonaws.com/332_1668568758_b2ee9ec49c997cb97a30f3c6066a3e7a.jpg
143,嘉湖實館,https://c25-frd-bucket.s3.ap-southeast-1.amazonaws.com/332_1666427243_0cdd6affe3f5e6bc127fa1328573507e.jpeg
144,恋の星宿,https://c25-frd-bucket.s3.ap-southeast-1.amazonaws.com/1668055103_e0add3f999a917add0527553bb8ad262.jpeg
144,恋の星宿,https://c25-frd-bucket.s3.ap-southeast-1.amazonaws.com/335_1668055112_b0a9248a1441d9d835268fb574b5f97c.jpeg
144,恋の星宿,https://c25-frd-bucket.s3.ap-southeast-1.amazonaws.com/335_1656063367_ae90bd9bc36fec3824f650b6fd3ae30e.jpeg
144,恋の星宿,https://c25-frd-bucket.s3.ap-southeast-1.amazonaws.com/335_1656063509_213c635d9917c5b6598f12bddc7d6d6c.jpeg
144,恋の星宿,https://c25-frd-bucket.s3.ap-southeast-1.amazonaws.com/335_1656063529_9f53f4a7afa2e76fed620877d4eb1b03.jpeg
144,恋の星宿,https://c25-frd-bucket.s3.ap-southeast-1.amazonaws.com/335_1656063548_0d25718b1042be7287407d094c0a662b.jpeg
144,恋の星宿,https://c25-frd-bucket.s3.ap-southeast-1.amazonaws.com/335_1656063585_73f0470d552ccaf1209e15d899419258.jpeg
144,恋の星宿,https://c25-frd-bucket.s3.ap-southeast-1.amazonaws.com/335_1656063604_9009b15e23a30f4d7136b043c5e05cf3.jpeg
145,彩城賓館,https://c25-frd-bucket.s3.ap-southeast-1.amazonaws.com/1657897847_7b26fed1166815509d8de037b3e7e501.jpg
145,彩城賓館,https://c25-frd-bucket.s3.ap-southeast-1.amazonaws.com/1657897849_60d2321035ee18bfd8ae3c0399c9b3ab.jpg
145,彩城賓館,https://c25-frd-bucket.s3.ap-southeast-1.amazonaws.com/1657897850_a6b97728ccc9a4e2446dd6fb909ce50b.jpg
145,彩城賓館,https://c25-frd-bucket.s3.ap-southeast-1.amazonaws.com/1657897850_dca1590aae3eb5e0fe8ba145f81c21a8.jpg
145,彩城賓館,https://c25-frd-bucket.s3.ap-southeast-1.amazonaws.com/1657897850_2b5baab1e221872257350624e749efd3.jpg
145,彩城賓館,https://c25-frd-bucket.s3.ap-southeast-1.amazonaws.com/1657897851_c4745822addcd092777a2e2502af8ee2.jpg
146,182 彌敦道,https://iopenroom.com/web/upload/1668148109_5958d67326cac4ea67179ea27a478b55.jpeg
146,182 彌敦道,https://iopenroom.com/web/upload/346_1668156316_4fa391491c27d4637e5d31148573f5c5.jpg
146,182 彌敦道,https://iopenroom.com/web/upload/346_1668156323_6f0e8aab33e8fff87f6446cb1b9caf82.jpg
146,182 彌敦道,https://iopenroom.com/web/upload/346_1668156334_0ceaf47a6ad644b9cdee6af2bf99e371.jpg
146,182 彌敦道,https://iopenroom.com/web/upload/346_1668156340_3c6ddaf70bb592e3132f6c2408d0b1f3.jpg
146,182 彌敦道,https://iopenroom.com/web/upload/346_1668156347_e9a4ca544b3e00c8dbfcc796bb464408.jpg
146,182 彌敦道,https://iopenroom.com/web/upload/346_1668156352_2c4c81877e8383275536ff080060c6d8.jpg
146,182 彌敦道,https://iopenroom.com/web/upload/346_1668156358_d7ca0284578db4af9d23ed2721006c53.jpg
146,182 彌敦道,https://iopenroom.com/web/upload/346_1668156310_87542a56ed9006b261d9774c7bb3202e.jpg
147,漢宮別墅,https://c25-frd-bucket.s3.ap-southeast-1.amazonaws.com/1632900006_08d2dd28477628db40cec385682c13a2.jpg
147,漢宮別墅,https://c25-frd-bucket.s3.ap-southeast-1.amazonaws.com/188_1632898526_fb718a0417ed3df7db948e50a4c95fcf.jpg
147,漢宮別墅,https://c25-frd-bucket.s3.ap-southeast-1.amazonaws.com/188_1632898532_dac30b5b5527a7bb5ed524fc0bc2419f.jpg
147,漢宮別墅,https://c25-frd-bucket.s3.ap-southeast-1.amazonaws.com/188_1632907923_74a7dc42ebd7d566fb573ff08f06d3ad.jpeg
147,漢宮別墅,https://c25-frd-bucket.s3.ap-southeast-1.amazonaws.com/188_1632907962_66241be039ccf776fe51bbaa7a75c136.jpeg